mutation_id	sample_id	cluster_id	cellular_prevalence	cellular_prevalence_std	cluster_assignment_prob
ADD1 P718=	LN1	0	0.9980	0.0047	1.0000
ADD1 P718=	LN2a	0	0.9937	0.0090	1.0000
ADD1 P718=	PT1	0	0.9956	0.0070	1.0000
ADD1 P718=	PT2	0	0.9904	0.0107	1.0000
ADD1 P718=	PT3	0	0.9871	0.0133	1.0000
ADD1 P718=	PT4	0	0.9986	0.0039	1.0000
ADD1 P718=	PT5	0	0.9773	0.0159	1.0000
ADD1 P718=	PT6	0	0.8245	0.0361	1.0000
ADD1 P718=	PT7	0	0.9162	0.0284	1.0000
ADD1 P718=	PT8	0	0.9948	0.0079	1.0000
ADD1 P718=	Per1	0	0.9115	0.0365	1.0000
ADD1 P718=	Per2	0	0.8478	0.0281	1.0000
ADD1 P718=	Per3	0	0.8662	0.0499	1.0000
ADD1 P718=	Per4	0	0.8586	0.0522	1.0000
ADD1 P718=	TD1	0	0.9906	0.0113	1.0000
ALDH1L2 F704L	LN1	0	0.9980	0.0047	1.0000
ALDH1L2 F704L	LN2a	0	0.9937	0.0090	1.0000
ALDH1L2 F704L	PT1	0	0.9956	0.0070	1.0000
ALDH1L2 F704L	PT2	0	0.9904	0.0107	1.0000
ALDH1L2 F704L	PT3	0	0.9871	0.0133	1.0000
ALDH1L2 F704L	PT4	0	0.9986	0.0039	1.0000
ALDH1L2 F704L	PT5	0	0.9773	0.0159	1.0000
ALDH1L2 F704L	PT6	0	0.8245	0.0361	1.0000
ALDH1L2 F704L	PT7	0	0.9162	0.0284	1.0000
ALDH1L2 F704L	PT8	0	0.9948	0.0079	1.0000
ALDH1L2 F704L	Per1	0	0.9115	0.0365	1.0000
ALDH1L2 F704L	Per2	0	0.8478	0.0281	1.0000
ALDH1L2 F704L	Per3	0	0.8662	0.0499	1.0000
ALDH1L2 F704L	Per4	0	0.8586	0.0522	1.0000
ALDH1L2 F704L	TD1	0	0.9906	0.0113	1.0000
APOL6 F222Lfs*8	LN1	0	0.9980	0.0047	1.0000
APOL6 F222Lfs*8	LN2a	0	0.9937	0.0090	1.0000
APOL6 F222Lfs*8	PT1	0	0.9956	0.0070	1.0000
APOL6 F222Lfs*8	PT2	0	0.9904	0.0107	1.0000
APOL6 F222Lfs*8	PT3	0	0.9871	0.0133	1.0000
APOL6 F222Lfs*8	PT4	0	0.9986	0.0039	1.0000
APOL6 F222Lfs*8	PT5	0	0.9773	0.0159	1.0000
APOL6 F222Lfs*8	PT6	0	0.8245	0.0361	1.0000
APOL6 F222Lfs*8	PT7	0	0.9162	0.0284	1.0000
APOL6 F222Lfs*8	PT8	0	0.9948	0.0079	1.0000
APOL6 F222Lfs*8	Per1	0	0.9115	0.0365	1.0000
APOL6 F222Lfs*8	Per2	0	0.8478	0.0281	1.0000
APOL6 F222Lfs*8	Per3	0	0.8662	0.0499	1.0000
APOL6 F222Lfs*8	Per4	0	0.8586	0.0522	1.0000
APOL6 F222Lfs*8	TD1	0	0.9906	0.0113	1.0000
ARMC9 V499=	LN1	0	0.9980	0.0047	1.0000
ARMC9 V499=	LN2a	0	0.9937	0.0090	1.0000
ARMC9 V499=	PT1	0	0.9956	0.0070	1.0000
ARMC9 V499=	PT2	0	0.9904	0.0107	1.0000
ARMC9 V499=	PT3	0	0.9871	0.0133	1.0000
ARMC9 V499=	PT4	0	0.9986	0.0039	1.0000
ARMC9 V499=	PT5	0	0.9773	0.0159	1.0000
ARMC9 V499=	PT6	0	0.8245	0.0361	1.0000
ARMC9 V499=	PT7	0	0.9162	0.0284	1.0000
ARMC9 V499=	PT8	0	0.9948	0.0079	1.0000
ARMC9 V499=	Per1	0	0.9115	0.0365	1.0000
ARMC9 V499=	Per2	0	0.8478	0.0281	1.0000
ARMC9 V499=	Per3	0	0.8662	0.0499	1.0000
ARMC9 V499=	Per4	0	0.8586	0.0522	1.0000
ARMC9 V499=	TD1	0	0.9906	0.0113	1.0000
B4GALNT4 S854=	LN1	0	0.9980	0.0047	1.0000
B4GALNT4 S854=	LN2a	0	0.9937	0.0090	1.0000
B4GALNT4 S854=	PT1	0	0.9956	0.0070	1.0000
B4GALNT4 S854=	PT2	0	0.9904	0.0107	1.0000
B4GALNT4 S854=	PT3	0	0.9871	0.0133	1.0000
B4GALNT4 S854=	PT4	0	0.9986	0.0039	1.0000
B4GALNT4 S854=	PT5	0	0.9773	0.0159	1.0000
B4GALNT4 S854=	PT6	0	0.8245	0.0361	1.0000
B4GALNT4 S854=	PT7	0	0.9162	0.0284	1.0000
B4GALNT4 S854=	PT8	0	0.9948	0.0079	1.0000
B4GALNT4 S854=	Per1	0	0.9115	0.0365	1.0000
B4GALNT4 S854=	Per2	0	0.8478	0.0281	1.0000
B4GALNT4 S854=	Per3	0	0.8662	0.0499	1.0000
B4GALNT4 S854=	Per4	0	0.8586	0.0522	1.0000
B4GALNT4 S854=	TD1	0	0.9906	0.0113	1.0000
CASS4 D419=	LN1	0	0.9980	0.0047	1.0000
CASS4 D419=	LN2a	0	0.9937	0.0090	1.0000
CASS4 D419=	PT1	0	0.9956	0.0070	1.0000
CASS4 D419=	PT2	0	0.9904	0.0107	1.0000
CASS4 D419=	PT3	0	0.9871	0.0133	1.0000
CASS4 D419=	PT4	0	0.9986	0.0039	1.0000
CASS4 D419=	PT5	0	0.9773	0.0159	1.0000
CASS4 D419=	PT6	0	0.8245	0.0361	1.0000
CASS4 D419=	PT7	0	0.9162	0.0284	1.0000
CASS4 D419=	PT8	0	0.9948	0.0079	1.0000
CASS4 D419=	Per1	0	0.9115	0.0365	1.0000
CASS4 D419=	Per2	0	0.8478	0.0281	1.0000
CASS4 D419=	Per3	0	0.8662	0.0499	1.0000
CASS4 D419=	Per4	0	0.8586	0.0522	1.0000
CASS4 D419=	TD1	0	0.9906	0.0113	1.0000
CMYA5 C3742Yfs*7	LN1	0	0.9980	0.0047	1.0000
CMYA5 C3742Yfs*7	LN2a	0	0.9937	0.0090	1.0000
CMYA5 C3742Yfs*7	PT1	0	0.9956	0.0070	1.0000
CMYA5 C3742Yfs*7	PT2	0	0.9904	0.0107	1.0000
CMYA5 C3742Yfs*7	PT3	0	0.9871	0.0133	1.0000
CMYA5 C3742Yfs*7	PT4	0	0.9986	0.0039	1.0000
CMYA5 C3742Yfs*7	PT5	0	0.9773	0.0159	1.0000
CMYA5 C3742Yfs*7	PT6	0	0.8245	0.0361	1.0000
CMYA5 C3742Yfs*7	PT7	0	0.9162	0.0284	1.0000
CMYA5 C3742Yfs*7	PT8	0	0.9948	0.0079	1.0000
CMYA5 C3742Yfs*7	Per1	0	0.9115	0.0365	1.0000
CMYA5 C3742Yfs*7	Per2	0	0.8478	0.0281	1.0000
CMYA5 C3742Yfs*7	Per3	0	0.8662	0.0499	1.0000
CMYA5 C3742Yfs*7	Per4	0	0.8586	0.0522	1.0000
CMYA5 C3742Yfs*7	TD1	0	0.9906	0.0113	1.0000
CMYA5 M3743Nfs*11	LN1	0	0.9980	0.0047	1.0000
CMYA5 M3743Nfs*11	LN2a	0	0.9937	0.0090	1.0000
CMYA5 M3743Nfs*11	PT1	0	0.9956	0.0070	1.0000
CMYA5 M3743Nfs*11	PT2	0	0.9904	0.0107	1.0000
CMYA5 M3743Nfs*11	PT3	0	0.9871	0.0133	1.0000
CMYA5 M3743Nfs*11	PT4	0	0.9986	0.0039	1.0000
CMYA5 M3743Nfs*11	PT5	0	0.9773	0.0159	1.0000
CMYA5 M3743Nfs*11	PT6	0	0.8245	0.0361	1.0000
CMYA5 M3743Nfs*11	PT7	0	0.9162	0.0284	1.0000
CMYA5 M3743Nfs*11	PT8	0	0.9948	0.0079	1.0000
CMYA5 M3743Nfs*11	Per1	0	0.9115	0.0365	1.0000
CMYA5 M3743Nfs*11	Per2	0	0.8478	0.0281	1.0000
CMYA5 M3743Nfs*11	Per3	0	0.8662	0.0499	1.0000
CMYA5 M3743Nfs*11	Per4	0	0.8586	0.0522	1.0000
CMYA5 M3743Nfs*11	TD1	0	0.9906	0.0113	1.0000
COL22A1 P981=	LN1	0	0.9980	0.0047	1.0000
COL22A1 P981=	LN2a	0	0.9937	0.0090	1.0000
COL22A1 P981=	PT1	0	0.9956	0.0070	1.0000
COL22A1 P981=	PT2	0	0.9904	0.0107	1.0000
COL22A1 P981=	PT3	0	0.9871	0.0133	1.0000
COL22A1 P981=	PT4	0	0.9986	0.0039	1.0000
COL22A1 P981=	PT5	0	0.9773	0.0159	1.0000
COL22A1 P981=	PT6	0	0.8245	0.0361	1.0000
COL22A1 P981=	PT7	0	0.9162	0.0284	1.0000
COL22A1 P981=	PT8	0	0.9948	0.0079	1.0000
COL22A1 P981=	Per1	0	0.9115	0.0365	1.0000
COL22A1 P981=	Per2	0	0.8478	0.0281	1.0000
COL22A1 P981=	Per3	0	0.8662	0.0499	1.0000
COL22A1 P981=	Per4	0	0.8586	0.0522	1.0000
COL22A1 P981=	TD1	0	0.9906	0.0113	1.0000
CPQ T188=	LN1	0	0.9980	0.0047	1.0000
CPQ T188=	LN2a	0	0.9937	0.0090	1.0000
CPQ T188=	PT1	0	0.9956	0.0070	1.0000
CPQ T188=	PT2	0	0.9904	0.0107	1.0000
CPQ T188=	PT3	0	0.9871	0.0133	1.0000
CPQ T188=	PT4	0	0.9986	0.0039	1.0000
CPQ T188=	PT5	0	0.9773	0.0159	1.0000
CPQ T188=	PT6	0	0.8245	0.0361	1.0000
CPQ T188=	PT7	0	0.9162	0.0284	1.0000
CPQ T188=	PT8	0	0.9948	0.0079	1.0000
CPQ T188=	Per1	0	0.9115	0.0365	1.0000
CPQ T188=	Per2	0	0.8478	0.0281	1.0000
CPQ T188=	Per3	0	0.8662	0.0499	1.0000
CPQ T188=	Per4	0	0.8586	0.0522	1.0000
CPQ T188=	TD1	0	0.9906	0.0113	1.0000
CRYBG3 I310V	LN1	0	0.9980	0.0047	1.0000
CRYBG3 I310V	LN2a	0	0.9937	0.0090	1.0000
CRYBG3 I310V	PT1	0	0.9956	0.0070	1.0000
CRYBG3 I310V	PT2	0	0.9904	0.0107	1.0000
CRYBG3 I310V	PT3	0	0.9871	0.0133	1.0000
CRYBG3 I310V	PT4	0	0.9986	0.0039	1.0000
CRYBG3 I310V	PT5	0	0.9773	0.0159	1.0000
CRYBG3 I310V	PT6	0	0.8245	0.0361	1.0000
CRYBG3 I310V	PT7	0	0.9162	0.0284	1.0000
CRYBG3 I310V	PT8	0	0.9948	0.0079	1.0000
CRYBG3 I310V	Per1	0	0.9115	0.0365	1.0000
CRYBG3 I310V	Per2	0	0.8478	0.0281	1.0000
CRYBG3 I310V	Per3	0	0.8662	0.0499	1.0000
CRYBG3 I310V	Per4	0	0.8586	0.0522	1.0000
CRYBG3 I310V	TD1	0	0.9906	0.0113	1.0000
CUBN R1487*	LN1	0	0.9980	0.0047	1.0000
CUBN R1487*	LN2a	0	0.9937	0.0090	1.0000
CUBN R1487*	PT1	0	0.9956	0.0070	1.0000
CUBN R1487*	PT2	0	0.9904	0.0107	1.0000
CUBN R1487*	PT3	0	0.9871	0.0133	1.0000
CUBN R1487*	PT4	0	0.9986	0.0039	1.0000
CUBN R1487*	PT5	0	0.9773	0.0159	1.0000
CUBN R1487*	PT6	0	0.8245	0.0361	1.0000
CUBN R1487*	PT7	0	0.9162	0.0284	1.0000
CUBN R1487*	PT8	0	0.9948	0.0079	1.0000
CUBN R1487*	Per1	0	0.9115	0.0365	1.0000
CUBN R1487*	Per2	0	0.8478	0.0281	1.0000
CUBN R1487*	Per3	0	0.8662	0.0499	1.0000
CUBN R1487*	Per4	0	0.8586	0.0522	1.0000
CUBN R1487*	TD1	0	0.9906	0.0113	1.0000
DAB2IP D11E	LN1	0	0.9980	0.0047	1.0000
DAB2IP D11E	LN2a	0	0.9937	0.0090	1.0000
DAB2IP D11E	PT1	0	0.9956	0.0070	1.0000
DAB2IP D11E	PT2	0	0.9904	0.0107	1.0000
DAB2IP D11E	PT3	0	0.9871	0.0133	1.0000
DAB2IP D11E	PT4	0	0.9986	0.0039	1.0000
DAB2IP D11E	PT5	0	0.9773	0.0159	1.0000
DAB2IP D11E	PT6	0	0.8245	0.0361	1.0000
DAB2IP D11E	PT7	0	0.9162	0.0284	1.0000
DAB2IP D11E	PT8	0	0.9948	0.0079	1.0000
DAB2IP D11E	Per1	0	0.9115	0.0365	1.0000
DAB2IP D11E	Per2	0	0.8478	0.0281	1.0000
DAB2IP D11E	Per3	0	0.8662	0.0499	1.0000
DAB2IP D11E	Per4	0	0.8586	0.0522	1.0000
DAB2IP D11E	TD1	0	0.9906	0.0113	1.0000
DGUOK G4C	LN1	0	0.9980	0.0047	1.0000
DGUOK G4C	LN2a	0	0.9937	0.0090	1.0000
DGUOK G4C	PT1	0	0.9956	0.0070	1.0000
DGUOK G4C	PT2	0	0.9904	0.0107	1.0000
DGUOK G4C	PT3	0	0.9871	0.0133	1.0000
DGUOK G4C	PT4	0	0.9986	0.0039	1.0000
DGUOK G4C	PT5	0	0.9773	0.0159	1.0000
DGUOK G4C	PT6	0	0.8245	0.0361	1.0000
DGUOK G4C	PT7	0	0.9162	0.0284	1.0000
DGUOK G4C	PT8	0	0.9948	0.0079	1.0000
DGUOK G4C	Per1	0	0.9115	0.0365	1.0000
DGUOK G4C	Per2	0	0.8478	0.0281	1.0000
DGUOK G4C	Per3	0	0.8662	0.0499	1.0000
DGUOK G4C	Per4	0	0.8586	0.0522	1.0000
DGUOK G4C	TD1	0	0.9906	0.0113	1.0000
ELP5 L29=	LN1	0	0.9980	0.0047	1.0000
ELP5 L29=	LN2a	0	0.9937	0.0090	1.0000
ELP5 L29=	PT1	0	0.9956	0.0070	1.0000
ELP5 L29=	PT2	0	0.9904	0.0107	1.0000
ELP5 L29=	PT3	0	0.9871	0.0133	1.0000
ELP5 L29=	PT4	0	0.9986	0.0039	1.0000
ELP5 L29=	PT5	0	0.9773	0.0159	1.0000
ELP5 L29=	PT6	0	0.8245	0.0361	1.0000
ELP5 L29=	PT7	0	0.9162	0.0284	1.0000
ELP5 L29=	PT8	0	0.9948	0.0079	1.0000
ELP5 L29=	Per1	0	0.9115	0.0365	1.0000
ELP5 L29=	Per2	0	0.8478	0.0281	1.0000
ELP5 L29=	Per3	0	0.8662	0.0499	1.0000
ELP5 L29=	Per4	0	0.8586	0.0522	1.0000
ELP5 L29=	TD1	0	0.9906	0.0113	1.0000
EYS T464S	LN1	0	0.9980	0.0047	1.0000
EYS T464S	LN2a	0	0.9937	0.0090	1.0000
EYS T464S	PT1	0	0.9956	0.0070	1.0000
EYS T464S	PT2	0	0.9904	0.0107	1.0000
EYS T464S	PT3	0	0.9871	0.0133	1.0000
EYS T464S	PT4	0	0.9986	0.0039	1.0000
EYS T464S	PT5	0	0.9773	0.0159	1.0000
EYS T464S	PT6	0	0.8245	0.0361	1.0000
EYS T464S	PT7	0	0.9162	0.0284	1.0000
EYS T464S	PT8	0	0.9948	0.0079	1.0000
EYS T464S	Per1	0	0.9115	0.0365	1.0000
EYS T464S	Per2	0	0.8478	0.0281	1.0000
EYS T464S	Per3	0	0.8662	0.0499	1.0000
EYS T464S	Per4	0	0.8586	0.0522	1.0000
EYS T464S	TD1	0	0.9906	0.0113	1.0000
FOXP1 X478_splice	LN1	0	0.9980	0.0047	1.0000
FOXP1 X478_splice	LN2a	0	0.9937	0.0090	1.0000
FOXP1 X478_splice	PT1	0	0.9956	0.0070	1.0000
FOXP1 X478_splice	PT2	0	0.9904	0.0107	1.0000
FOXP1 X478_splice	PT3	0	0.9871	0.0133	1.0000
FOXP1 X478_splice	PT4	0	0.9986	0.0039	1.0000
FOXP1 X478_splice	PT5	0	0.9773	0.0159	1.0000
FOXP1 X478_splice	PT6	0	0.8245	0.0361	1.0000
FOXP1 X478_splice	PT7	0	0.9162	0.0284	1.0000
FOXP1 X478_splice	PT8	0	0.9948	0.0079	1.0000
FOXP1 X478_splice	Per1	0	0.9115	0.0365	1.0000
FOXP1 X478_splice	Per2	0	0.8478	0.0281	1.0000
FOXP1 X478_splice	Per3	0	0.8662	0.0499	1.0000
FOXP1 X478_splice	Per4	0	0.8586	0.0522	1.0000
FOXP1 X478_splice	TD1	0	0.9906	0.0113	1.0000
HTR3A R33*	LN1	0	0.9980	0.0047	1.0000
HTR3A R33*	LN2a	0	0.9937	0.0090	1.0000
HTR3A R33*	PT1	0	0.9956	0.0070	1.0000
HTR3A R33*	PT2	0	0.9904	0.0107	1.0000
HTR3A R33*	PT3	0	0.9871	0.0133	1.0000
HTR3A R33*	PT4	0	0.9986	0.0039	1.0000
HTR3A R33*	PT5	0	0.9773	0.0159	1.0000
HTR3A R33*	PT6	0	0.8245	0.0361	1.0000
HTR3A R33*	PT7	0	0.9162	0.0284	1.0000
HTR3A R33*	PT8	0	0.9948	0.0079	1.0000
HTR3A R33*	Per1	0	0.9115	0.0365	1.0000
HTR3A R33*	Per2	0	0.8478	0.0281	1.0000
HTR3A R33*	Per3	0	0.8662	0.0499	1.0000
HTR3A R33*	Per4	0	0.8586	0.0522	1.0000
HTR3A R33*	TD1	0	0.9906	0.0113	1.0000
IL15 R2=	LN1	0	0.9980	0.0047	1.0000
IL15 R2=	LN2a	0	0.9937	0.0090	1.0000
IL15 R2=	PT1	0	0.9956	0.0070	1.0000
IL15 R2=	PT2	0	0.9904	0.0107	1.0000
IL15 R2=	PT3	0	0.9871	0.0133	1.0000
IL15 R2=	PT4	0	0.9986	0.0039	1.0000
IL15 R2=	PT5	0	0.9773	0.0159	1.0000
IL15 R2=	PT6	0	0.8245	0.0361	1.0000
IL15 R2=	PT7	0	0.9162	0.0284	1.0000
IL15 R2=	PT8	0	0.9948	0.0079	1.0000
IL15 R2=	Per1	0	0.9115	0.0365	1.0000
IL15 R2=	Per2	0	0.8478	0.0281	1.0000
IL15 R2=	Per3	0	0.8662	0.0499	1.0000
IL15 R2=	Per4	0	0.8586	0.0522	1.0000
IL15 R2=	TD1	0	0.9906	0.0113	1.0000
ITPKB R625H	LN1	0	0.9980	0.0047	1.0000
ITPKB R625H	LN2a	0	0.9937	0.0090	1.0000
ITPKB R625H	PT1	0	0.9956	0.0070	1.0000
ITPKB R625H	PT2	0	0.9904	0.0107	1.0000
ITPKB R625H	PT3	0	0.9871	0.0133	1.0000
ITPKB R625H	PT4	0	0.9986	0.0039	1.0000
ITPKB R625H	PT5	0	0.9773	0.0159	1.0000
ITPKB R625H	PT6	0	0.8245	0.0361	1.0000
ITPKB R625H	PT7	0	0.9162	0.0284	1.0000
ITPKB R625H	PT8	0	0.9948	0.0079	1.0000
ITPKB R625H	Per1	0	0.9115	0.0365	1.0000
ITPKB R625H	Per2	0	0.8478	0.0281	1.0000
ITPKB R625H	Per3	0	0.8662	0.0499	1.0000
ITPKB R625H	Per4	0	0.8586	0.0522	1.0000
ITPKB R625H	TD1	0	0.9906	0.0113	1.0000
KCMF1 N366D	LN1	0	0.9980	0.0047	1.0000
KCMF1 N366D	LN2a	0	0.9937	0.0090	1.0000
KCMF1 N366D	PT1	0	0.9956	0.0070	1.0000
KCMF1 N366D	PT2	0	0.9904	0.0107	1.0000
KCMF1 N366D	PT3	0	0.9871	0.0133	1.0000
KCMF1 N366D	PT4	0	0.9986	0.0039	1.0000
KCMF1 N366D	PT5	0	0.9773	0.0159	1.0000
KCMF1 N366D	PT6	0	0.8245	0.0361	1.0000
KCMF1 N366D	PT7	0	0.9162	0.0284	1.0000
KCMF1 N366D	PT8	0	0.9948	0.0079	1.0000
KCMF1 N366D	Per1	0	0.9115	0.0365	1.0000
KCMF1 N366D	Per2	0	0.8478	0.0281	1.0000
KCMF1 N366D	Per3	0	0.8662	0.0499	1.0000
KCMF1 N366D	Per4	0	0.8586	0.0522	1.0000
KCMF1 N366D	TD1	0	0.9906	0.0113	1.0000
KIAA1211 R353*	LN1	0	0.9980	0.0047	1.0000
KIAA1211 R353*	LN2a	0	0.9937	0.0090	1.0000
KIAA1211 R353*	PT1	0	0.9956	0.0070	1.0000
KIAA1211 R353*	PT2	0	0.9904	0.0107	1.0000
KIAA1211 R353*	PT3	0	0.9871	0.0133	1.0000
KIAA1211 R353*	PT4	0	0.9986	0.0039	1.0000
KIAA1211 R353*	PT5	0	0.9773	0.0159	1.0000
KIAA1211 R353*	PT6	0	0.8245	0.0361	1.0000
KIAA1211 R353*	PT7	0	0.9162	0.0284	1.0000
KIAA1211 R353*	PT8	0	0.9948	0.0079	1.0000
KIAA1211 R353*	Per1	0	0.9115	0.0365	1.0000
KIAA1211 R353*	Per2	0	0.8478	0.0281	1.0000
KIAA1211 R353*	Per3	0	0.8662	0.0499	1.0000
KIAA1211 R353*	Per4	0	0.8586	0.0522	1.0000
KIAA1211 R353*	TD1	0	0.9906	0.0113	1.0000
MAS1 V134=	LN1	0	0.9980	0.0047	1.0000
MAS1 V134=	LN2a	0	0.9937	0.0090	1.0000
MAS1 V134=	PT1	0	0.9956	0.0070	1.0000
MAS1 V134=	PT2	0	0.9904	0.0107	1.0000
MAS1 V134=	PT3	0	0.9871	0.0133	1.0000
MAS1 V134=	PT4	0	0.9986	0.0039	1.0000
MAS1 V134=	PT5	0	0.9773	0.0159	1.0000
MAS1 V134=	PT6	0	0.8245	0.0361	1.0000
MAS1 V134=	PT7	0	0.9162	0.0284	1.0000
MAS1 V134=	PT8	0	0.9948	0.0079	1.0000
MAS1 V134=	Per1	0	0.9115	0.0365	1.0000
MAS1 V134=	Per2	0	0.8478	0.0281	1.0000
MAS1 V134=	Per3	0	0.8662	0.0499	1.0000
MAS1 V134=	Per4	0	0.8586	0.0522	1.0000
MAS1 V134=	TD1	0	0.9906	0.0113	1.0000
PARP3 R415C	LN1	0	0.9980	0.0047	1.0000
PARP3 R415C	LN2a	0	0.9937	0.0090	1.0000
PARP3 R415C	PT1	0	0.9956	0.0070	1.0000
PARP3 R415C	PT2	0	0.9904	0.0107	1.0000
PARP3 R415C	PT3	0	0.9871	0.0133	1.0000
PARP3 R415C	PT4	0	0.9986	0.0039	1.0000
PARP3 R415C	PT5	0	0.9773	0.0159	1.0000
PARP3 R415C	PT6	0	0.8245	0.0361	1.0000
PARP3 R415C	PT7	0	0.9162	0.0284	1.0000
PARP3 R415C	PT8	0	0.9948	0.0079	1.0000
PARP3 R415C	Per1	0	0.9115	0.0365	1.0000
PARP3 R415C	Per2	0	0.8478	0.0281	1.0000
PARP3 R415C	Per3	0	0.8662	0.0499	1.0000
PARP3 R415C	Per4	0	0.8586	0.0522	1.0000
PARP3 R415C	TD1	0	0.9906	0.0113	1.0000
PDE6B P115L	LN1	0	0.9980	0.0047	1.0000
PDE6B P115L	LN2a	0	0.9937	0.0090	1.0000
PDE6B P115L	PT1	0	0.9956	0.0070	1.0000
PDE6B P115L	PT2	0	0.9904	0.0107	1.0000
PDE6B P115L	PT3	0	0.9871	0.0133	1.0000
PDE6B P115L	PT4	0	0.9986	0.0039	1.0000
PDE6B P115L	PT5	0	0.9773	0.0159	1.0000
PDE6B P115L	PT6	0	0.8245	0.0361	1.0000
PDE6B P115L	PT7	0	0.9162	0.0284	1.0000
PDE6B P115L	PT8	0	0.9948	0.0079	1.0000
PDE6B P115L	Per1	0	0.9115	0.0365	1.0000
PDE6B P115L	Per2	0	0.8478	0.0281	1.0000
PDE6B P115L	Per3	0	0.8662	0.0499	1.0000
PDE6B P115L	Per4	0	0.8586	0.0522	1.0000
PDE6B P115L	TD1	0	0.9906	0.0113	1.0000
PLB1 D1212N	LN1	0	0.9980	0.0047	1.0000
PLB1 D1212N	LN2a	0	0.9937	0.0090	1.0000
PLB1 D1212N	PT1	0	0.9956	0.0070	1.0000
PLB1 D1212N	PT2	0	0.9904	0.0107	1.0000
PLB1 D1212N	PT3	0	0.9871	0.0133	1.0000
PLB1 D1212N	PT4	0	0.9986	0.0039	1.0000
PLB1 D1212N	PT5	0	0.9773	0.0159	1.0000
PLB1 D1212N	PT6	0	0.8245	0.0361	1.0000
PLB1 D1212N	PT7	0	0.9162	0.0284	1.0000
PLB1 D1212N	PT8	0	0.9948	0.0079	1.0000
PLB1 D1212N	Per1	0	0.9115	0.0365	1.0000
PLB1 D1212N	Per2	0	0.8478	0.0281	1.0000
PLB1 D1212N	Per3	0	0.8662	0.0499	1.0000
PLB1 D1212N	Per4	0	0.8586	0.0522	1.0000
PLB1 D1212N	TD1	0	0.9906	0.0113	1.0000
SAG I303T	LN1	0	0.9980	0.0047	1.0000
SAG I303T	LN2a	0	0.9937	0.0090	1.0000
SAG I303T	PT1	0	0.9956	0.0070	1.0000
SAG I303T	PT2	0	0.9904	0.0107	1.0000
SAG I303T	PT3	0	0.9871	0.0133	1.0000
SAG I303T	PT4	0	0.9986	0.0039	1.0000
SAG I303T	PT5	0	0.9773	0.0159	1.0000
SAG I303T	PT6	0	0.8245	0.0361	1.0000
SAG I303T	PT7	0	0.9162	0.0284	1.0000
SAG I303T	PT8	0	0.9948	0.0079	1.0000
SAG I303T	Per1	0	0.9115	0.0365	1.0000
SAG I303T	Per2	0	0.8478	0.0281	1.0000
SAG I303T	Per3	0	0.8662	0.0499	1.0000
SAG I303T	Per4	0	0.8586	0.0522	1.0000
SAG I303T	TD1	0	0.9906	0.0113	1.0000
SOX4 K118Qfs*5	LN1	0	0.9980	0.0047	1.0000
SOX4 K118Qfs*5	LN2a	0	0.9937	0.0090	1.0000
SOX4 K118Qfs*5	PT1	0	0.9956	0.0070	1.0000
SOX4 K118Qfs*5	PT2	0	0.9904	0.0107	1.0000
SOX4 K118Qfs*5	PT3	0	0.9871	0.0133	1.0000
SOX4 K118Qfs*5	PT4	0	0.9986	0.0039	1.0000
SOX4 K118Qfs*5	PT5	0	0.9773	0.0159	1.0000
SOX4 K118Qfs*5	PT6	0	0.8245	0.0361	1.0000
SOX4 K118Qfs*5	PT7	0	0.9162	0.0284	1.0000
SOX4 K118Qfs*5	PT8	0	0.9948	0.0079	1.0000
SOX4 K118Qfs*5	Per1	0	0.9115	0.0365	1.0000
SOX4 K118Qfs*5	Per2	0	0.8478	0.0281	1.0000
SOX4 K118Qfs*5	Per3	0	0.8662	0.0499	1.0000
SOX4 K118Qfs*5	Per4	0	0.8586	0.0522	1.0000
SOX4 K118Qfs*5	TD1	0	0.9906	0.0113	1.0000
SPATA7 M590L	LN1	0	0.9980	0.0047	1.0000
SPATA7 M590L	LN2a	0	0.9937	0.0090	1.0000
SPATA7 M590L	PT1	0	0.9956	0.0070	1.0000
SPATA7 M590L	PT2	0	0.9904	0.0107	1.0000
SPATA7 M590L	PT3	0	0.9871	0.0133	1.0000
SPATA7 M590L	PT4	0	0.9986	0.0039	1.0000
SPATA7 M590L	PT5	0	0.9773	0.0159	1.0000
SPATA7 M590L	PT6	0	0.8245	0.0361	1.0000
SPATA7 M590L	PT7	0	0.9162	0.0284	1.0000
SPATA7 M590L	PT8	0	0.9948	0.0079	1.0000
SPATA7 M590L	Per1	0	0.9115	0.0365	1.0000
SPATA7 M590L	Per2	0	0.8478	0.0281	1.0000
SPATA7 M590L	Per3	0	0.8662	0.0499	1.0000
SPATA7 M590L	Per4	0	0.8586	0.0522	1.0000
SPATA7 M590L	TD1	0	0.9906	0.0113	1.0000
STK36 R382=	LN1	0	0.9980	0.0047	1.0000
STK36 R382=	LN2a	0	0.9937	0.0090	1.0000
STK36 R382=	PT1	0	0.9956	0.0070	1.0000
STK36 R382=	PT2	0	0.9904	0.0107	1.0000
STK36 R382=	PT3	0	0.9871	0.0133	1.0000
STK36 R382=	PT4	0	0.9986	0.0039	1.0000
STK36 R382=	PT5	0	0.9773	0.0159	1.0000
STK36 R382=	PT6	0	0.8245	0.0361	1.0000
STK36 R382=	PT7	0	0.9162	0.0284	1.0000
STK36 R382=	PT8	0	0.9948	0.0079	1.0000
STK36 R382=	Per1	0	0.9115	0.0365	1.0000
STK36 R382=	Per2	0	0.8478	0.0281	1.0000
STK36 R382=	Per3	0	0.8662	0.0499	1.0000
STK36 R382=	Per4	0	0.8586	0.0522	1.0000
STK36 R382=	TD1	0	0.9906	0.0113	1.0000
TP53 C242Y	LN1	0	0.9980	0.0047	1.0000
TP53 C242Y	LN2a	0	0.9937	0.0090	1.0000
TP53 C242Y	PT1	0	0.9956	0.0070	1.0000
TP53 C242Y	PT2	0	0.9904	0.0107	1.0000
TP53 C242Y	PT3	0	0.9871	0.0133	1.0000
TP53 C242Y	PT4	0	0.9986	0.0039	1.0000
TP53 C242Y	PT5	0	0.9773	0.0159	1.0000
TP53 C242Y	PT6	0	0.8245	0.0361	1.0000
TP53 C242Y	PT7	0	0.9162	0.0284	1.0000
TP53 C242Y	PT8	0	0.9948	0.0079	1.0000
TP53 C242Y	Per1	0	0.9115	0.0365	1.0000
TP53 C242Y	Per2	0	0.8478	0.0281	1.0000
TP53 C242Y	Per3	0	0.8662	0.0499	1.0000
TP53 C242Y	Per4	0	0.8586	0.0522	1.0000
TP53 C242Y	TD1	0	0.9906	0.0113	1.0000
TP53 E339*	LN1	0	0.9980	0.0047	1.0000
TP53 E339*	LN2a	0	0.9937	0.0090	1.0000
TP53 E339*	PT1	0	0.9956	0.0070	1.0000
TP53 E339*	PT2	0	0.9904	0.0107	1.0000
TP53 E339*	PT3	0	0.9871	0.0133	1.0000
TP53 E339*	PT4	0	0.9986	0.0039	1.0000
TP53 E339*	PT5	0	0.9773	0.0159	1.0000
TP53 E339*	PT6	0	0.8245	0.0361	1.0000
TP53 E339*	PT7	0	0.9162	0.0284	1.0000
TP53 E339*	PT8	0	0.9948	0.0079	1.0000
TP53 E339*	Per1	0	0.9115	0.0365	1.0000
TP53 E339*	Per2	0	0.8478	0.0281	1.0000
TP53 E339*	Per3	0	0.8662	0.0499	1.0000
TP53 E339*	Per4	0	0.8586	0.0522	1.0000
TP53 E339*	TD1	0	0.9906	0.0113	1.0000
UBA5 X377_splice	LN1	0	0.9980	0.0047	1.0000
UBA5 X377_splice	LN2a	0	0.9937	0.0090	1.0000
UBA5 X377_splice	PT1	0	0.9956	0.0070	1.0000
UBA5 X377_splice	PT2	0	0.9904	0.0107	1.0000
UBA5 X377_splice	PT3	0	0.9871	0.0133	1.0000
UBA5 X377_splice	PT4	0	0.9986	0.0039	1.0000
UBA5 X377_splice	PT5	0	0.9773	0.0159	1.0000
UBA5 X377_splice	PT6	0	0.8245	0.0361	1.0000
UBA5 X377_splice	PT7	0	0.9162	0.0284	1.0000
UBA5 X377_splice	PT8	0	0.9948	0.0079	1.0000
UBA5 X377_splice	Per1	0	0.9115	0.0365	1.0000
UBA5 X377_splice	Per2	0	0.8478	0.0281	1.0000
UBA5 X377_splice	Per3	0	0.8662	0.0499	1.0000
UBA5 X377_splice	Per4	0	0.8586	0.0522	1.0000
UBA5 X377_splice	TD1	0	0.9906	0.0113	1.0000
USP29 G666R	LN1	0	0.9980	0.0047	1.0000
USP29 G666R	LN2a	0	0.9937	0.0090	1.0000
USP29 G666R	PT1	0	0.9956	0.0070	1.0000
USP29 G666R	PT2	0	0.9904	0.0107	1.0000
USP29 G666R	PT3	0	0.9871	0.0133	1.0000
USP29 G666R	PT4	0	0.9986	0.0039	1.0000
USP29 G666R	PT5	0	0.9773	0.0159	1.0000
USP29 G666R	PT6	0	0.8245	0.0361	1.0000
USP29 G666R	PT7	0	0.9162	0.0284	1.0000
USP29 G666R	PT8	0	0.9948	0.0079	1.0000
USP29 G666R	Per1	0	0.9115	0.0365	1.0000
USP29 G666R	Per2	0	0.8478	0.0281	1.0000
USP29 G666R	Per3	0	0.8662	0.0499	1.0000
USP29 G666R	Per4	0	0.8586	0.0522	1.0000
USP29 G666R	TD1	0	0.9906	0.0113	1.0000
ZNF512 Q158*	LN1	0	0.9980	0.0047	1.0000
ZNF512 Q158*	LN2a	0	0.9937	0.0090	1.0000
ZNF512 Q158*	PT1	0	0.9956	0.0070	1.0000
ZNF512 Q158*	PT2	0	0.9904	0.0107	1.0000
ZNF512 Q158*	PT3	0	0.9871	0.0133	1.0000
ZNF512 Q158*	PT4	0	0.9986	0.0039	1.0000
ZNF512 Q158*	PT5	0	0.9773	0.0159	1.0000
ZNF512 Q158*	PT6	0	0.8245	0.0361	1.0000
ZNF512 Q158*	PT7	0	0.9162	0.0284	1.0000
ZNF512 Q158*	PT8	0	0.9948	0.0079	1.0000
ZNF512 Q158*	Per1	0	0.9115	0.0365	1.0000
ZNF512 Q158*	Per2	0	0.8478	0.0281	1.0000
ZNF512 Q158*	Per3	0	0.8662	0.0499	1.0000
ZNF512 Q158*	Per4	0	0.8586	0.0522	1.0000
ZNF512 Q158*	TD1	0	0.9906	0.0113	1.0000
ZNF620 K343Nfs*3	LN1	0	0.9980	0.0047	1.0000
ZNF620 K343Nfs*3	LN2a	0	0.9937	0.0090	1.0000
ZNF620 K343Nfs*3	PT1	0	0.9956	0.0070	1.0000
ZNF620 K343Nfs*3	PT2	0	0.9904	0.0107	1.0000
ZNF620 K343Nfs*3	PT3	0	0.9871	0.0133	1.0000
ZNF620 K343Nfs*3	PT4	0	0.9986	0.0039	1.0000
ZNF620 K343Nfs*3	PT5	0	0.9773	0.0159	1.0000
ZNF620 K343Nfs*3	PT6	0	0.8245	0.0361	1.0000
ZNF620 K343Nfs*3	PT7	0	0.9162	0.0284	1.0000
ZNF620 K343Nfs*3	PT8	0	0.9948	0.0079	1.0000
ZNF620 K343Nfs*3	Per1	0	0.9115	0.0365	1.0000
ZNF620 K343Nfs*3	Per2	0	0.8478	0.0281	1.0000
ZNF620 K343Nfs*3	Per3	0	0.8662	0.0499	1.0000
ZNF620 K343Nfs*3	Per4	0	0.8586	0.0522	1.0000
ZNF620 K343Nfs*3	TD1	0	0.9906	0.0113	1.0000
ZNF790 E36=	LN1	0	0.9980	0.0047	1.0000
ZNF790 E36=	LN2a	0	0.9937	0.0090	1.0000
ZNF790 E36=	PT1	0	0.9956	0.0070	1.0000
ZNF790 E36=	PT2	0	0.9904	0.0107	1.0000
ZNF790 E36=	PT3	0	0.9871	0.0133	1.0000
ZNF790 E36=	PT4	0	0.9986	0.0039	1.0000
ZNF790 E36=	PT5	0	0.9773	0.0159	1.0000
ZNF790 E36=	PT6	0	0.8245	0.0361	1.0000
ZNF790 E36=	PT7	0	0.9162	0.0284	1.0000
ZNF790 E36=	PT8	0	0.9948	0.0079	1.0000
ZNF790 E36=	Per1	0	0.9115	0.0365	1.0000
ZNF790 E36=	Per2	0	0.8478	0.0281	1.0000
ZNF790 E36=	Per3	0	0.8662	0.0499	1.0000
ZNF790 E36=	Per4	0	0.8586	0.0522	1.0000
ZNF790 E36=	TD1	0	0.9906	0.0113	1.0000
LRRC7 W842S	LN1	1	0.0040	0.0080	1.0000
LRRC7 W842S	LN2a	1	0.0029	0.0064	1.0000
LRRC7 W842S	PT1	1	0.0102	0.0095	1.0000
LRRC7 W842S	PT2	1	0.0080	0.0094	1.0000
LRRC7 W842S	PT3	1	0.0101	0.0111	1.0000
LRRC7 W842S	PT4	1	0.0031	0.0070	1.0000
LRRC7 W842S	PT5	1	0.0111	0.0114	1.0000
LRRC7 W842S	PT6	1	0.0045	0.0084	1.0000
LRRC7 W842S	PT7	1	0.0052	0.0094	1.0000
LRRC7 W842S	PT8	1	0.0069	0.0087	1.0000
LRRC7 W842S	Per1	1	0.7392	0.1960	1.0000
LRRC7 W842S	Per2	1	0.6063	0.1808	1.0000
LRRC7 W842S	Per3	1	0.6398	0.1810	1.0000
LRRC7 W842S	Per4	1	0.3374	0.1163	1.0000
LRRC7 W842S	TD1	1	0.0128	0.0113	1.0000
PKHD1 G2533V	LN1	1	0.0040	0.0080	1.0000
PKHD1 G2533V	LN2a	1	0.0029	0.0064	1.0000
PKHD1 G2533V	PT1	1	0.0102	0.0095	1.0000
PKHD1 G2533V	PT2	1	0.0080	0.0094	1.0000
PKHD1 G2533V	PT3	1	0.0101	0.0111	1.0000
PKHD1 G2533V	PT4	1	0.0031	0.0070	1.0000
PKHD1 G2533V	PT5	1	0.0111	0.0114	1.0000
PKHD1 G2533V	PT6	1	0.0045	0.0084	1.0000
PKHD1 G2533V	PT7	1	0.0052	0.0094	1.0000
PKHD1 G2533V	PT8	1	0.0069	0.0087	1.0000
PKHD1 G2533V	Per1	1	0.7392	0.1960	1.0000
PKHD1 G2533V	Per2	1	0.6063	0.1808	1.0000
PKHD1 G2533V	Per3	1	0.6398	0.1810	1.0000
PKHD1 G2533V	Per4	1	0.3374	0.1163	1.0000
PKHD1 G2533V	TD1	1	0.0128	0.0113	1.0000
SFT2D3 R202L	LN1	1	0.0040	0.0080	1.0000
SFT2D3 R202L	LN2a	1	0.0029	0.0064	1.0000
SFT2D3 R202L	PT1	1	0.0102	0.0095	1.0000
SFT2D3 R202L	PT2	1	0.0080	0.0094	1.0000
SFT2D3 R202L	PT3	1	0.0101	0.0111	1.0000
SFT2D3 R202L	PT4	1	0.0031	0.0070	1.0000
SFT2D3 R202L	PT5	1	0.0111	0.0114	1.0000
SFT2D3 R202L	PT6	1	0.0045	0.0084	1.0000
SFT2D3 R202L	PT7	1	0.0052	0.0094	1.0000
SFT2D3 R202L	PT8	1	0.0069	0.0087	1.0000
SFT2D3 R202L	Per1	1	0.7392	0.1960	1.0000
SFT2D3 R202L	Per2	1	0.6063	0.1808	1.0000
SFT2D3 R202L	Per3	1	0.6398	0.1810	1.0000
SFT2D3 R202L	Per4	1	0.3374	0.1163	1.0000
SFT2D3 R202L	TD1	1	0.0128	0.0113	1.0000
CCDC108 M633*	LN1	2	0.1590	0.0880	1.0000
CCDC108 M633*	LN2a	2	0.0735	0.0461	1.0000
CCDC108 M633*	PT1	2	0.1587	0.0710	1.0000
CCDC108 M633*	PT2	2	0.0781	0.0425	1.0000
CCDC108 M633*	PT3	2	0.1024	0.0616	1.0000
CCDC108 M633*	PT4	2	0.2251	0.1039	1.0000
CCDC108 M633*	PT5	2	0.1400	0.0548	1.0000
CCDC108 M633*	PT6	2	0.2154	0.1009	1.0000
CCDC108 M633*	PT7	2	0.1893	0.0898	1.0000
CCDC108 M633*	PT8	2	0.1891	0.0909	1.0000
CCDC108 M633*	Per1	2	0.2229	0.1239	1.0000
CCDC108 M633*	Per2	2	0.1212	0.0673	1.0000
CCDC108 M633*	Per3	2	0.4505	0.1897	1.0000
CCDC108 M633*	Per4	2	0.2547	0.1459	1.0000
CCDC108 M633*	TD1	2	0.0466	0.0335	1.0000
NCOR2 I976Sfs*87	LN1	2	0.1590	0.0880	1.0000
NCOR2 I976Sfs*87	LN2a	2	0.0735	0.0461	1.0000
NCOR2 I976Sfs*87	PT1	2	0.1587	0.0710	1.0000
NCOR2 I976Sfs*87	PT2	2	0.0781	0.0425	1.0000
NCOR2 I976Sfs*87	PT3	2	0.1024	0.0616	1.0000
NCOR2 I976Sfs*87	PT4	2	0.2251	0.1039	1.0000
NCOR2 I976Sfs*87	PT5	2	0.1400	0.0548	1.0000
NCOR2 I976Sfs*87	PT6	2	0.2154	0.1009	1.0000
NCOR2 I976Sfs*87	PT7	2	0.1893	0.0898	1.0000
NCOR2 I976Sfs*87	PT8	2	0.1891	0.0909	1.0000
NCOR2 I976Sfs*87	Per1	2	0.2229	0.1239	1.0000
NCOR2 I976Sfs*87	Per2	2	0.1212	0.0673	1.0000
NCOR2 I976Sfs*87	Per3	2	0.4505	0.1897	1.0000
NCOR2 I976Sfs*87	Per4	2	0.2547	0.1459	1.0000
NCOR2 I976Sfs*87	TD1	2	0.0466	0.0335	1.0000
AK7 A159=	LN1	3	0.0008	0.0028	1.0000
AK7 A159=	LN2a	3	0.0005	0.0022	1.0000
AK7 A159=	PT1	3	0.0005	0.0022	1.0000
AK7 A159=	PT2	3	0.1172	0.0150	1.0000
AK7 A159=	PT3	3	0.0286	0.0080	1.0000
AK7 A159=	PT4	3	0.0004	0.0019	1.0000
AK7 A159=	PT5	3	0.3732	0.0231	1.0000
AK7 A159=	PT6	3	0.0062	0.0053	1.0000
AK7 A159=	PT7	3	0.0096	0.0043	1.0000
AK7 A159=	PT8	3	0.0001	0.0010	1.0000
AK7 A159=	Per1	3	0.0090	0.0050	1.0000
AK7 A159=	Per2	3	0.0015	0.0036	1.0000
AK7 A159=	Per3	3	0.0005	0.0024	1.0000
AK7 A159=	Per4	3	0.0033	0.0052	1.0000
AK7 A159=	TD1	3	0.0015	0.0036	1.0000
ANKRD30A S406R	LN1	3	0.0008	0.0028	1.0000
ANKRD30A S406R	LN2a	3	0.0005	0.0022	1.0000
ANKRD30A S406R	PT1	3	0.0005	0.0022	1.0000
ANKRD30A S406R	PT2	3	0.1172	0.0150	1.0000
ANKRD30A S406R	PT3	3	0.0286	0.0080	1.0000
ANKRD30A S406R	PT4	3	0.0004	0.0019	1.0000
ANKRD30A S406R	PT5	3	0.3732	0.0231	1.0000
ANKRD30A S406R	PT6	3	0.0062	0.0053	1.0000
ANKRD30A S406R	PT7	3	0.0096	0.0043	1.0000
ANKRD30A S406R	PT8	3	0.0001	0.0010	1.0000
ANKRD30A S406R	Per1	3	0.0090	0.0050	1.0000
ANKRD30A S406R	Per2	3	0.0015	0.0036	1.0000
ANKRD30A S406R	Per3	3	0.0005	0.0024	1.0000
ANKRD30A S406R	Per4	3	0.0033	0.0052	1.0000
ANKRD30A S406R	TD1	3	0.0015	0.0036	1.0000
ANKRD45 Q18=	LN1	3	0.0008	0.0028	1.0000
ANKRD45 Q18=	LN2a	3	0.0005	0.0022	1.0000
ANKRD45 Q18=	PT1	3	0.0005	0.0022	1.0000
ANKRD45 Q18=	PT2	3	0.1172	0.0150	1.0000
ANKRD45 Q18=	PT3	3	0.0286	0.0080	1.0000
ANKRD45 Q18=	PT4	3	0.0004	0.0019	1.0000
ANKRD45 Q18=	PT5	3	0.3732	0.0231	1.0000
ANKRD45 Q18=	PT6	3	0.0062	0.0053	1.0000
ANKRD45 Q18=	PT7	3	0.0096	0.0043	1.0000
ANKRD45 Q18=	PT8	3	0.0001	0.0010	1.0000
ANKRD45 Q18=	Per1	3	0.0090	0.0050	1.0000
ANKRD45 Q18=	Per2	3	0.0015	0.0036	1.0000
ANKRD45 Q18=	Per3	3	0.0005	0.0024	1.0000
ANKRD45 Q18=	Per4	3	0.0033	0.0052	1.0000
ANKRD45 Q18=	TD1	3	0.0015	0.0036	1.0000
APC2 S510Y	LN1	3	0.0008	0.0028	1.0000
APC2 S510Y	LN2a	3	0.0005	0.0022	1.0000
APC2 S510Y	PT1	3	0.0005	0.0022	1.0000
APC2 S510Y	PT2	3	0.1172	0.0150	1.0000
APC2 S510Y	PT3	3	0.0286	0.0080	1.0000
APC2 S510Y	PT4	3	0.0004	0.0019	1.0000
APC2 S510Y	PT5	3	0.3732	0.0231	1.0000
APC2 S510Y	PT6	3	0.0062	0.0053	1.0000
APC2 S510Y	PT7	3	0.0096	0.0043	1.0000
APC2 S510Y	PT8	3	0.0001	0.0010	1.0000
APC2 S510Y	Per1	3	0.0090	0.0050	1.0000
APC2 S510Y	Per2	3	0.0015	0.0036	1.0000
APC2 S510Y	Per3	3	0.0005	0.0024	1.0000
APC2 S510Y	Per4	3	0.0033	0.0052	1.0000
APC2 S510Y	TD1	3	0.0015	0.0036	1.0000
C1orf74 Q131*	LN1	3	0.0008	0.0028	1.0000
C1orf74 Q131*	LN2a	3	0.0005	0.0022	1.0000
C1orf74 Q131*	PT1	3	0.0005	0.0022	1.0000
C1orf74 Q131*	PT2	3	0.1172	0.0150	1.0000
C1orf74 Q131*	PT3	3	0.0286	0.0080	1.0000
C1orf74 Q131*	PT4	3	0.0004	0.0019	1.0000
C1orf74 Q131*	PT5	3	0.3732	0.0231	1.0000
C1orf74 Q131*	PT6	3	0.0062	0.0053	1.0000
C1orf74 Q131*	PT7	3	0.0096	0.0043	1.0000
C1orf74 Q131*	PT8	3	0.0001	0.0010	1.0000
C1orf74 Q131*	Per1	3	0.0090	0.0050	1.0000
C1orf74 Q131*	Per2	3	0.0015	0.0036	1.0000
C1orf74 Q131*	Per3	3	0.0005	0.0024	1.0000
C1orf74 Q131*	Per4	3	0.0033	0.0052	1.0000
C1orf74 Q131*	TD1	3	0.0015	0.0036	1.0000
IGDCC4 G65R	LN1	3	0.0008	0.0028	1.0000
IGDCC4 G65R	LN2a	3	0.0005	0.0022	1.0000
IGDCC4 G65R	PT1	3	0.0005	0.0022	1.0000
IGDCC4 G65R	PT2	3	0.1172	0.0150	1.0000
IGDCC4 G65R	PT3	3	0.0286	0.0080	1.0000
IGDCC4 G65R	PT4	3	0.0004	0.0019	1.0000
IGDCC4 G65R	PT5	3	0.3732	0.0231	1.0000
IGDCC4 G65R	PT6	3	0.0062	0.0053	1.0000
IGDCC4 G65R	PT7	3	0.0096	0.0043	1.0000
IGDCC4 G65R	PT8	3	0.0001	0.0010	1.0000
IGDCC4 G65R	Per1	3	0.0090	0.0050	1.0000
IGDCC4 G65R	Per2	3	0.0015	0.0036	1.0000
IGDCC4 G65R	Per3	3	0.0005	0.0024	1.0000
IGDCC4 G65R	Per4	3	0.0033	0.0052	1.0000
IGDCC4 G65R	TD1	3	0.0015	0.0036	1.0000
LRIG1 R574H	LN1	3	0.0008	0.0028	1.0000
LRIG1 R574H	LN2a	3	0.0005	0.0022	1.0000
LRIG1 R574H	PT1	3	0.0005	0.0022	1.0000
LRIG1 R574H	PT2	3	0.1172	0.0150	1.0000
LRIG1 R574H	PT3	3	0.0286	0.0080	1.0000
LRIG1 R574H	PT4	3	0.0004	0.0019	1.0000
LRIG1 R574H	PT5	3	0.3732	0.0231	1.0000
LRIG1 R574H	PT6	3	0.0062	0.0053	1.0000
LRIG1 R574H	PT7	3	0.0096	0.0043	1.0000
LRIG1 R574H	PT8	3	0.0001	0.0010	1.0000
LRIG1 R574H	Per1	3	0.0090	0.0050	1.0000
LRIG1 R574H	Per2	3	0.0015	0.0036	1.0000
LRIG1 R574H	Per3	3	0.0005	0.0024	1.0000
LRIG1 R574H	Per4	3	0.0033	0.0052	1.0000
LRIG1 R574H	TD1	3	0.0015	0.0036	1.0000
LRRC39 Y309C	LN1	3	0.0008	0.0028	1.0000
LRRC39 Y309C	LN2a	3	0.0005	0.0022	1.0000
LRRC39 Y309C	PT1	3	0.0005	0.0022	1.0000
LRRC39 Y309C	PT2	3	0.1172	0.0150	1.0000
LRRC39 Y309C	PT3	3	0.0286	0.0080	1.0000
LRRC39 Y309C	PT4	3	0.0004	0.0019	1.0000
LRRC39 Y309C	PT5	3	0.3732	0.0231	1.0000
LRRC39 Y309C	PT6	3	0.0062	0.0053	1.0000
LRRC39 Y309C	PT7	3	0.0096	0.0043	1.0000
LRRC39 Y309C	PT8	3	0.0001	0.0010	1.0000
LRRC39 Y309C	Per1	3	0.0090	0.0050	1.0000
LRRC39 Y309C	Per2	3	0.0015	0.0036	1.0000
LRRC39 Y309C	Per3	3	0.0005	0.0024	1.0000
LRRC39 Y309C	Per4	3	0.0033	0.0052	1.0000
LRRC39 Y309C	TD1	3	0.0015	0.0036	1.0000
MDM1 P84R	LN1	3	0.0008	0.0028	1.0000
MDM1 P84R	LN2a	3	0.0005	0.0022	1.0000
MDM1 P84R	PT1	3	0.0005	0.0022	1.0000
MDM1 P84R	PT2	3	0.1172	0.0150	1.0000
MDM1 P84R	PT3	3	0.0286	0.0080	1.0000
MDM1 P84R	PT4	3	0.0004	0.0019	1.0000
MDM1 P84R	PT5	3	0.3732	0.0231	1.0000
MDM1 P84R	PT6	3	0.0062	0.0053	1.0000
MDM1 P84R	PT7	3	0.0096	0.0043	1.0000
MDM1 P84R	PT8	3	0.0001	0.0010	1.0000
MDM1 P84R	Per1	3	0.0090	0.0050	1.0000
MDM1 P84R	Per2	3	0.0015	0.0036	1.0000
MDM1 P84R	Per3	3	0.0005	0.0024	1.0000
MDM1 P84R	Per4	3	0.0033	0.0052	1.0000
MDM1 P84R	TD1	3	0.0015	0.0036	1.0000
MYH11 E704D	LN1	3	0.0008	0.0028	1.0000
MYH11 E704D	LN2a	3	0.0005	0.0022	1.0000
MYH11 E704D	PT1	3	0.0005	0.0022	1.0000
MYH11 E704D	PT2	3	0.1172	0.0150	1.0000
MYH11 E704D	PT3	3	0.0286	0.0080	1.0000
MYH11 E704D	PT4	3	0.0004	0.0019	1.0000
MYH11 E704D	PT5	3	0.3732	0.0231	1.0000
MYH11 E704D	PT6	3	0.0062	0.0053	1.0000
MYH11 E704D	PT7	3	0.0096	0.0043	1.0000
MYH11 E704D	PT8	3	0.0001	0.0010	1.0000
MYH11 E704D	Per1	3	0.0090	0.0050	1.0000
MYH11 E704D	Per2	3	0.0015	0.0036	1.0000
MYH11 E704D	Per3	3	0.0005	0.0024	1.0000
MYH11 E704D	Per4	3	0.0033	0.0052	1.0000
MYH11 E704D	TD1	3	0.0015	0.0036	1.0000
RNASE10 L13=	LN1	3	0.0008	0.0028	1.0000
RNASE10 L13=	LN2a	3	0.0005	0.0022	1.0000
RNASE10 L13=	PT1	3	0.0005	0.0022	1.0000
RNASE10 L13=	PT2	3	0.1172	0.0150	1.0000
RNASE10 L13=	PT3	3	0.0286	0.0080	1.0000
RNASE10 L13=	PT4	3	0.0004	0.0019	1.0000
RNASE10 L13=	PT5	3	0.3732	0.0231	1.0000
RNASE10 L13=	PT6	3	0.0062	0.0053	1.0000
RNASE10 L13=	PT7	3	0.0096	0.0043	1.0000
RNASE10 L13=	PT8	3	0.0001	0.0010	1.0000
RNASE10 L13=	Per1	3	0.0090	0.0050	1.0000
RNASE10 L13=	Per2	3	0.0015	0.0036	1.0000
RNASE10 L13=	Per3	3	0.0005	0.0024	1.0000
RNASE10 L13=	Per4	3	0.0033	0.0052	1.0000
RNASE10 L13=	TD1	3	0.0015	0.0036	1.0000
SRRM4 P41S	LN1	3	0.0008	0.0028	1.0000
SRRM4 P41S	LN2a	3	0.0005	0.0022	1.0000
SRRM4 P41S	PT1	3	0.0005	0.0022	1.0000
SRRM4 P41S	PT2	3	0.1172	0.0150	1.0000
SRRM4 P41S	PT3	3	0.0286	0.0080	1.0000
SRRM4 P41S	PT4	3	0.0004	0.0019	1.0000
SRRM4 P41S	PT5	3	0.3732	0.0231	1.0000
SRRM4 P41S	PT6	3	0.0062	0.0053	1.0000
SRRM4 P41S	PT7	3	0.0096	0.0043	1.0000
SRRM4 P41S	PT8	3	0.0001	0.0010	1.0000
SRRM4 P41S	Per1	3	0.0090	0.0050	1.0000
SRRM4 P41S	Per2	3	0.0015	0.0036	1.0000
SRRM4 P41S	Per3	3	0.0005	0.0024	1.0000
SRRM4 P41S	Per4	3	0.0033	0.0052	1.0000
SRRM4 P41S	TD1	3	0.0015	0.0036	1.0000
TIGD5 G339=	LN1	3	0.0008	0.0028	1.0000
TIGD5 G339=	LN2a	3	0.0005	0.0022	1.0000
TIGD5 G339=	PT1	3	0.0005	0.0022	1.0000
TIGD5 G339=	PT2	3	0.1172	0.0150	1.0000
TIGD5 G339=	PT3	3	0.0286	0.0080	1.0000
TIGD5 G339=	PT4	3	0.0004	0.0019	1.0000
TIGD5 G339=	PT5	3	0.3732	0.0231	1.0000
TIGD5 G339=	PT6	3	0.0062	0.0053	1.0000
TIGD5 G339=	PT7	3	0.0096	0.0043	1.0000
TIGD5 G339=	PT8	3	0.0001	0.0010	1.0000
TIGD5 G339=	Per1	3	0.0090	0.0050	1.0000
TIGD5 G339=	Per2	3	0.0015	0.0036	1.0000
TIGD5 G339=	Per3	3	0.0005	0.0024	1.0000
TIGD5 G339=	Per4	3	0.0033	0.0052	1.0000
TIGD5 G339=	TD1	3	0.0015	0.0036	1.0000
USP54 D541N	LN1	3	0.0008	0.0028	1.0000
USP54 D541N	LN2a	3	0.0005	0.0022	1.0000
USP54 D541N	PT1	3	0.0005	0.0022	1.0000
USP54 D541N	PT2	3	0.1172	0.0150	1.0000
USP54 D541N	PT3	3	0.0286	0.0080	1.0000
USP54 D541N	PT4	3	0.0004	0.0019	1.0000
USP54 D541N	PT5	3	0.3732	0.0231	1.0000
USP54 D541N	PT6	3	0.0062	0.0053	1.0000
USP54 D541N	PT7	3	0.0096	0.0043	1.0000
USP54 D541N	PT8	3	0.0001	0.0010	1.0000
USP54 D541N	Per1	3	0.0090	0.0050	1.0000
USP54 D541N	Per2	3	0.0015	0.0036	1.0000
USP54 D541N	Per3	3	0.0005	0.0024	1.0000
USP54 D541N	Per4	3	0.0033	0.0052	1.0000
USP54 D541N	TD1	3	0.0015	0.0036	1.0000
VWA2 X15_splice	LN1	3	0.0008	0.0028	1.0000
VWA2 X15_splice	LN2a	3	0.0005	0.0022	1.0000
VWA2 X15_splice	PT1	3	0.0005	0.0022	1.0000
VWA2 X15_splice	PT2	3	0.1172	0.0150	1.0000
VWA2 X15_splice	PT3	3	0.0286	0.0080	1.0000
VWA2 X15_splice	PT4	3	0.0004	0.0019	1.0000
VWA2 X15_splice	PT5	3	0.3732	0.0231	1.0000
VWA2 X15_splice	PT6	3	0.0062	0.0053	1.0000
VWA2 X15_splice	PT7	3	0.0096	0.0043	1.0000
VWA2 X15_splice	PT8	3	0.0001	0.0010	1.0000
VWA2 X15_splice	Per1	3	0.0090	0.0050	1.0000
VWA2 X15_splice	Per2	3	0.0015	0.0036	1.0000
VWA2 X15_splice	Per3	3	0.0005	0.0024	1.0000
VWA2 X15_splice	Per4	3	0.0033	0.0052	1.0000
VWA2 X15_splice	TD1	3	0.0015	0.0036	1.0000
ABHD5 G213Afs*2	LN1	4	0.0267	0.0099	1.0000
ABHD5 G213Afs*2	LN2a	4	0.0094	0.0029	1.0000
ABHD5 G213Afs*2	PT1	4	0.9841	0.0170	1.0000
ABHD5 G213Afs*2	PT2	4	0.0000	0.0002	1.0000
ABHD5 G213Afs*2	PT3	4	0.0100	0.0017	1.0000
ABHD5 G213Afs*2	PT4	4	0.0087	0.0037	1.0000
ABHD5 G213Afs*2	PT5	4	0.0000	0.0005	1.0000
ABHD5 G213Afs*2	PT6	4	0.0003	0.0017	1.0000
ABHD5 G213Afs*2	PT7	4	0.0092	0.0040	1.0000
ABHD5 G213Afs*2	PT8	4	0.8100	0.0360	1.0000
ABHD5 G213Afs*2	Per1	4	0.0012	0.0033	1.0000
ABHD5 G213Afs*2	Per2	4	0.0082	0.0044	1.0000
ABHD5 G213Afs*2	Per3	4	0.0030	0.0049	1.0000
ABHD5 G213Afs*2	Per4	4	0.0019	0.0041	1.0000
ABHD5 G213Afs*2	TD1	4	0.4347	0.0362	1.0000
ADAMTSL4 S68R	LN1	4	0.0267	0.0099	1.0000
ADAMTSL4 S68R	LN2a	4	0.0094	0.0029	1.0000
ADAMTSL4 S68R	PT1	4	0.9841	0.0170	1.0000
ADAMTSL4 S68R	PT2	4	0.0000	0.0002	1.0000
ADAMTSL4 S68R	PT3	4	0.0100	0.0017	1.0000
ADAMTSL4 S68R	PT4	4	0.0087	0.0037	1.0000
ADAMTSL4 S68R	PT5	4	0.0000	0.0005	1.0000
ADAMTSL4 S68R	PT6	4	0.0003	0.0017	1.0000
ADAMTSL4 S68R	PT7	4	0.0092	0.0040	1.0000
ADAMTSL4 S68R	PT8	4	0.8100	0.0360	1.0000
ADAMTSL4 S68R	Per1	4	0.0012	0.0033	1.0000
ADAMTSL4 S68R	Per2	4	0.0082	0.0044	1.0000
ADAMTSL4 S68R	Per3	4	0.0030	0.0049	1.0000
ADAMTSL4 S68R	Per4	4	0.0019	0.0041	1.0000
ADAMTSL4 S68R	TD1	4	0.4347	0.0362	1.0000
ASTN1 Q451H	LN1	4	0.0267	0.0099	1.0000
ASTN1 Q451H	LN2a	4	0.0094	0.0029	1.0000
ASTN1 Q451H	PT1	4	0.9841	0.0170	1.0000
ASTN1 Q451H	PT2	4	0.0000	0.0002	1.0000
ASTN1 Q451H	PT3	4	0.0100	0.0017	1.0000
ASTN1 Q451H	PT4	4	0.0087	0.0037	1.0000
ASTN1 Q451H	PT5	4	0.0000	0.0005	1.0000
ASTN1 Q451H	PT6	4	0.0003	0.0017	1.0000
ASTN1 Q451H	PT7	4	0.0092	0.0040	1.0000
ASTN1 Q451H	PT8	4	0.8100	0.0360	1.0000
ASTN1 Q451H	Per1	4	0.0012	0.0033	1.0000
ASTN1 Q451H	Per2	4	0.0082	0.0044	1.0000
ASTN1 Q451H	Per3	4	0.0030	0.0049	1.0000
ASTN1 Q451H	Per4	4	0.0019	0.0041	1.0000
ASTN1 Q451H	TD1	4	0.4347	0.0362	1.0000
C5orf42 N2616I	LN1	4	0.0267	0.0099	1.0000
C5orf42 N2616I	LN2a	4	0.0094	0.0029	1.0000
C5orf42 N2616I	PT1	4	0.9841	0.0170	1.0000
C5orf42 N2616I	PT2	4	0.0000	0.0002	1.0000
C5orf42 N2616I	PT3	4	0.0100	0.0017	1.0000
C5orf42 N2616I	PT4	4	0.0087	0.0037	1.0000
C5orf42 N2616I	PT5	4	0.0000	0.0005	1.0000
C5orf42 N2616I	PT6	4	0.0003	0.0017	1.0000
C5orf42 N2616I	PT7	4	0.0092	0.0040	1.0000
C5orf42 N2616I	PT8	4	0.8100	0.0360	1.0000
C5orf42 N2616I	Per1	4	0.0012	0.0033	1.0000
C5orf42 N2616I	Per2	4	0.0082	0.0044	1.0000
C5orf42 N2616I	Per3	4	0.0030	0.0049	1.0000
C5orf42 N2616I	Per4	4	0.0019	0.0041	1.0000
C5orf42 N2616I	TD1	4	0.4347	0.0362	1.0000
CDH19 A394D	LN1	4	0.0267	0.0099	1.0000
CDH19 A394D	LN2a	4	0.0094	0.0029	1.0000
CDH19 A394D	PT1	4	0.9841	0.0170	1.0000
CDH19 A394D	PT2	4	0.0000	0.0002	1.0000
CDH19 A394D	PT3	4	0.0100	0.0017	1.0000
CDH19 A394D	PT4	4	0.0087	0.0037	1.0000
CDH19 A394D	PT5	4	0.0000	0.0005	1.0000
CDH19 A394D	PT6	4	0.0003	0.0017	1.0000
CDH19 A394D	PT7	4	0.0092	0.0040	1.0000
CDH19 A394D	PT8	4	0.8100	0.0360	1.0000
CDH19 A394D	Per1	4	0.0012	0.0033	1.0000
CDH19 A394D	Per2	4	0.0082	0.0044	1.0000
CDH19 A394D	Per3	4	0.0030	0.0049	1.0000
CDH19 A394D	Per4	4	0.0019	0.0041	1.0000
CDH19 A394D	TD1	4	0.4347	0.0362	1.0000
HECTD3 S796R	LN1	4	0.0267	0.0099	1.0000
HECTD3 S796R	LN2a	4	0.0094	0.0029	1.0000
HECTD3 S796R	PT1	4	0.9841	0.0170	1.0000
HECTD3 S796R	PT2	4	0.0000	0.0002	1.0000
HECTD3 S796R	PT3	4	0.0100	0.0017	1.0000
HECTD3 S796R	PT4	4	0.0087	0.0037	1.0000
HECTD3 S796R	PT5	4	0.0000	0.0005	1.0000
HECTD3 S796R	PT6	4	0.0003	0.0017	1.0000
HECTD3 S796R	PT7	4	0.0092	0.0040	1.0000
HECTD3 S796R	PT8	4	0.8100	0.0360	1.0000
HECTD3 S796R	Per1	4	0.0012	0.0033	1.0000
HECTD3 S796R	Per2	4	0.0082	0.0044	1.0000
HECTD3 S796R	Per3	4	0.0030	0.0049	1.0000
HECTD3 S796R	Per4	4	0.0019	0.0041	1.0000
HECTD3 S796R	TD1	4	0.4347	0.0362	1.0000
LUM R227C	LN1	4	0.0267	0.0099	1.0000
LUM R227C	LN2a	4	0.0094	0.0029	1.0000
LUM R227C	PT1	4	0.9841	0.0170	1.0000
LUM R227C	PT2	4	0.0000	0.0002	1.0000
LUM R227C	PT3	4	0.0100	0.0017	1.0000
LUM R227C	PT4	4	0.0087	0.0037	1.0000
LUM R227C	PT5	4	0.0000	0.0005	1.0000
LUM R227C	PT6	4	0.0003	0.0017	1.0000
LUM R227C	PT7	4	0.0092	0.0040	1.0000
LUM R227C	PT8	4	0.8100	0.0360	1.0000
LUM R227C	Per1	4	0.0012	0.0033	1.0000
LUM R227C	Per2	4	0.0082	0.0044	1.0000
LUM R227C	Per3	4	0.0030	0.0049	1.0000
LUM R227C	Per4	4	0.0019	0.0041	1.0000
LUM R227C	TD1	4	0.4347	0.0362	1.0000
MAEL V32I	LN1	4	0.0267	0.0099	1.0000
MAEL V32I	LN2a	4	0.0094	0.0029	1.0000
MAEL V32I	PT1	4	0.9841	0.0170	1.0000
MAEL V32I	PT2	4	0.0000	0.0002	1.0000
MAEL V32I	PT3	4	0.0100	0.0017	1.0000
MAEL V32I	PT4	4	0.0087	0.0037	1.0000
MAEL V32I	PT5	4	0.0000	0.0005	1.0000
MAEL V32I	PT6	4	0.0003	0.0017	1.0000
MAEL V32I	PT7	4	0.0092	0.0040	1.0000
MAEL V32I	PT8	4	0.8100	0.0360	1.0000
MAEL V32I	Per1	4	0.0012	0.0033	1.0000
MAEL V32I	Per2	4	0.0082	0.0044	1.0000
MAEL V32I	Per3	4	0.0030	0.0049	1.0000
MAEL V32I	Per4	4	0.0019	0.0041	1.0000
MAEL V32I	TD1	4	0.4347	0.0362	1.0000
MYO3B C1203Sfs*31	LN1	4	0.0267	0.0099	1.0000
MYO3B C1203Sfs*31	LN2a	4	0.0094	0.0029	1.0000
MYO3B C1203Sfs*31	PT1	4	0.9841	0.0170	1.0000
MYO3B C1203Sfs*31	PT2	4	0.0000	0.0002	1.0000
MYO3B C1203Sfs*31	PT3	4	0.0100	0.0017	1.0000
MYO3B C1203Sfs*31	PT4	4	0.0087	0.0037	1.0000
MYO3B C1203Sfs*31	PT5	4	0.0000	0.0005	1.0000
MYO3B C1203Sfs*31	PT6	4	0.0003	0.0017	1.0000
MYO3B C1203Sfs*31	PT7	4	0.0092	0.0040	1.0000
MYO3B C1203Sfs*31	PT8	4	0.8100	0.0360	1.0000
MYO3B C1203Sfs*31	Per1	4	0.0012	0.0033	1.0000
MYO3B C1203Sfs*31	Per2	4	0.0082	0.0044	1.0000
MYO3B C1203Sfs*31	Per3	4	0.0030	0.0049	1.0000
MYO3B C1203Sfs*31	Per4	4	0.0019	0.0041	1.0000
MYO3B C1203Sfs*31	TD1	4	0.4347	0.0362	1.0000
OR51L1 I137=	LN1	4	0.0267	0.0099	1.0000
OR51L1 I137=	LN2a	4	0.0094	0.0029	1.0000
OR51L1 I137=	PT1	4	0.9841	0.0170	1.0000
OR51L1 I137=	PT2	4	0.0000	0.0002	1.0000
OR51L1 I137=	PT3	4	0.0100	0.0017	1.0000
OR51L1 I137=	PT4	4	0.0087	0.0037	1.0000
OR51L1 I137=	PT5	4	0.0000	0.0005	1.0000
OR51L1 I137=	PT6	4	0.0003	0.0017	1.0000
OR51L1 I137=	PT7	4	0.0092	0.0040	1.0000
OR51L1 I137=	PT8	4	0.8100	0.0360	1.0000
OR51L1 I137=	Per1	4	0.0012	0.0033	1.0000
OR51L1 I137=	Per2	4	0.0082	0.0044	1.0000
OR51L1 I137=	Per3	4	0.0030	0.0049	1.0000
OR51L1 I137=	Per4	4	0.0019	0.0041	1.0000
OR51L1 I137=	TD1	4	0.4347	0.0362	1.0000
PLCH1 S1247C	LN1	4	0.0267	0.0099	1.0000
PLCH1 S1247C	LN2a	4	0.0094	0.0029	1.0000
PLCH1 S1247C	PT1	4	0.9841	0.0170	1.0000
PLCH1 S1247C	PT2	4	0.0000	0.0002	1.0000
PLCH1 S1247C	PT3	4	0.0100	0.0017	1.0000
PLCH1 S1247C	PT4	4	0.0087	0.0037	1.0000
PLCH1 S1247C	PT5	4	0.0000	0.0005	1.0000
PLCH1 S1247C	PT6	4	0.0003	0.0017	1.0000
PLCH1 S1247C	PT7	4	0.0092	0.0040	1.0000
PLCH1 S1247C	PT8	4	0.8100	0.0360	1.0000
PLCH1 S1247C	Per1	4	0.0012	0.0033	1.0000
PLCH1 S1247C	Per2	4	0.0082	0.0044	1.0000
PLCH1 S1247C	Per3	4	0.0030	0.0049	1.0000
PLCH1 S1247C	Per4	4	0.0019	0.0041	1.0000
PLCH1 S1247C	TD1	4	0.4347	0.0362	1.0000
PMFBP1 E951K	LN1	4	0.0267	0.0099	1.0000
PMFBP1 E951K	LN2a	4	0.0094	0.0029	1.0000
PMFBP1 E951K	PT1	4	0.9841	0.0170	1.0000
PMFBP1 E951K	PT2	4	0.0000	0.0002	1.0000
PMFBP1 E951K	PT3	4	0.0100	0.0017	1.0000
PMFBP1 E951K	PT4	4	0.0087	0.0037	1.0000
PMFBP1 E951K	PT5	4	0.0000	0.0005	1.0000
PMFBP1 E951K	PT6	4	0.0003	0.0017	1.0000
PMFBP1 E951K	PT7	4	0.0092	0.0040	1.0000
PMFBP1 E951K	PT8	4	0.8100	0.0360	1.0000
PMFBP1 E951K	Per1	4	0.0012	0.0033	1.0000
PMFBP1 E951K	Per2	4	0.0082	0.0044	1.0000
PMFBP1 E951K	Per3	4	0.0030	0.0049	1.0000
PMFBP1 E951K	Per4	4	0.0019	0.0041	1.0000
PMFBP1 E951K	TD1	4	0.4347	0.0362	1.0000
SUV420H1 N711S	LN1	4	0.0267	0.0099	1.0000
SUV420H1 N711S	LN2a	4	0.0094	0.0029	1.0000
SUV420H1 N711S	PT1	4	0.9841	0.0170	1.0000
SUV420H1 N711S	PT2	4	0.0000	0.0002	1.0000
SUV420H1 N711S	PT3	4	0.0100	0.0017	1.0000
SUV420H1 N711S	PT4	4	0.0087	0.0037	1.0000
SUV420H1 N711S	PT5	4	0.0000	0.0005	1.0000
SUV420H1 N711S	PT6	4	0.0003	0.0017	1.0000
SUV420H1 N711S	PT7	4	0.0092	0.0040	1.0000
SUV420H1 N711S	PT8	4	0.8100	0.0360	1.0000
SUV420H1 N711S	Per1	4	0.0012	0.0033	1.0000
SUV420H1 N711S	Per2	4	0.0082	0.0044	1.0000
SUV420H1 N711S	Per3	4	0.0030	0.0049	1.0000
SUV420H1 N711S	Per4	4	0.0019	0.0041	1.0000
SUV420H1 N711S	TD1	4	0.4347	0.0362	1.0000
TFB2M R13=	LN1	4	0.0267	0.0099	1.0000
TFB2M R13=	LN2a	4	0.0094	0.0029	1.0000
TFB2M R13=	PT1	4	0.9841	0.0170	1.0000
TFB2M R13=	PT2	4	0.0000	0.0002	1.0000
TFB2M R13=	PT3	4	0.0100	0.0017	1.0000
TFB2M R13=	PT4	4	0.0087	0.0037	1.0000
TFB2M R13=	PT5	4	0.0000	0.0005	1.0000
TFB2M R13=	PT6	4	0.0003	0.0017	1.0000
TFB2M R13=	PT7	4	0.0092	0.0040	1.0000
TFB2M R13=	PT8	4	0.8100	0.0360	1.0000
TFB2M R13=	Per1	4	0.0012	0.0033	1.0000
TFB2M R13=	Per2	4	0.0082	0.0044	1.0000
TFB2M R13=	Per3	4	0.0030	0.0049	1.0000
TFB2M R13=	Per4	4	0.0019	0.0041	1.0000
TFB2M R13=	TD1	4	0.4347	0.0362	1.0000
UGT2A1 H32=	LN1	4	0.0267	0.0099	1.0000
UGT2A1 H32=	LN2a	4	0.0094	0.0029	1.0000
UGT2A1 H32=	PT1	4	0.9841	0.0170	1.0000
UGT2A1 H32=	PT2	4	0.0000	0.0002	1.0000
UGT2A1 H32=	PT3	4	0.0100	0.0017	1.0000
UGT2A1 H32=	PT4	4	0.0087	0.0037	1.0000
UGT2A1 H32=	PT5	4	0.0000	0.0005	1.0000
UGT2A1 H32=	PT6	4	0.0003	0.0017	1.0000
UGT2A1 H32=	PT7	4	0.0092	0.0040	1.0000
UGT2A1 H32=	PT8	4	0.8100	0.0360	1.0000
UGT2A1 H32=	Per1	4	0.0012	0.0033	1.0000
UGT2A1 H32=	Per2	4	0.0082	0.0044	1.0000
UGT2A1 H32=	Per3	4	0.0030	0.0049	1.0000
UGT2A1 H32=	Per4	4	0.0019	0.0041	1.0000
UGT2A1 H32=	TD1	4	0.4347	0.0362	1.0000
WIPF1 G426R	LN1	4	0.0267	0.0099	1.0000
WIPF1 G426R	LN2a	4	0.0094	0.0029	1.0000
WIPF1 G426R	PT1	4	0.9841	0.0170	1.0000
WIPF1 G426R	PT2	4	0.0000	0.0002	1.0000
WIPF1 G426R	PT3	4	0.0100	0.0017	1.0000
WIPF1 G426R	PT4	4	0.0087	0.0037	1.0000
WIPF1 G426R	PT5	4	0.0000	0.0005	1.0000
WIPF1 G426R	PT6	4	0.0003	0.0017	1.0000
WIPF1 G426R	PT7	4	0.0092	0.0040	1.0000
WIPF1 G426R	PT8	4	0.8100	0.0360	1.0000
WIPF1 G426R	Per1	4	0.0012	0.0033	1.0000
WIPF1 G426R	Per2	4	0.0082	0.0044	1.0000
WIPF1 G426R	Per3	4	0.0030	0.0049	1.0000
WIPF1 G426R	Per4	4	0.0019	0.0041	1.0000
WIPF1 G426R	TD1	4	0.4347	0.0362	1.0000
ZFP3 C311F	LN1	4	0.0267	0.0099	1.0000
ZFP3 C311F	LN2a	4	0.0094	0.0029	1.0000
ZFP3 C311F	PT1	4	0.9841	0.0170	1.0000
ZFP3 C311F	PT2	4	0.0000	0.0002	1.0000
ZFP3 C311F	PT3	4	0.0100	0.0017	1.0000
ZFP3 C311F	PT4	4	0.0087	0.0037	1.0000
ZFP3 C311F	PT5	4	0.0000	0.0005	1.0000
ZFP3 C311F	PT6	4	0.0003	0.0017	1.0000
ZFP3 C311F	PT7	4	0.0092	0.0040	1.0000
ZFP3 C311F	PT8	4	0.8100	0.0360	1.0000
ZFP3 C311F	Per1	4	0.0012	0.0033	1.0000
ZFP3 C311F	Per2	4	0.0082	0.0044	1.0000
ZFP3 C311F	Per3	4	0.0030	0.0049	1.0000
ZFP3 C311F	Per4	4	0.0019	0.0041	1.0000
ZFP3 C311F	TD1	4	0.4347	0.0362	1.0000
ZG16B R15T	LN1	4	0.0267	0.0099	1.0000
ZG16B R15T	LN2a	4	0.0094	0.0029	1.0000
ZG16B R15T	PT1	4	0.9841	0.0170	1.0000
ZG16B R15T	PT2	4	0.0000	0.0002	1.0000
ZG16B R15T	PT3	4	0.0100	0.0017	1.0000
ZG16B R15T	PT4	4	0.0087	0.0037	1.0000
ZG16B R15T	PT5	4	0.0000	0.0005	1.0000
ZG16B R15T	PT6	4	0.0003	0.0017	1.0000
ZG16B R15T	PT7	4	0.0092	0.0040	1.0000
ZG16B R15T	PT8	4	0.8100	0.0360	1.0000
ZG16B R15T	Per1	4	0.0012	0.0033	1.0000
ZG16B R15T	Per2	4	0.0082	0.0044	1.0000
ZG16B R15T	Per3	4	0.0030	0.0049	1.0000
ZG16B R15T	Per4	4	0.0019	0.0041	1.0000
ZG16B R15T	TD1	4	0.4347	0.0362	1.0000
ZNF624 C754Mfs*41	LN1	4	0.0267	0.0099	1.0000
ZNF624 C754Mfs*41	LN2a	4	0.0094	0.0029	1.0000
ZNF624 C754Mfs*41	PT1	4	0.9841	0.0170	1.0000
ZNF624 C754Mfs*41	PT2	4	0.0000	0.0002	1.0000
ZNF624 C754Mfs*41	PT3	4	0.0100	0.0017	1.0000
ZNF624 C754Mfs*41	PT4	4	0.0087	0.0037	1.0000
ZNF624 C754Mfs*41	PT5	4	0.0000	0.0005	1.0000
ZNF624 C754Mfs*41	PT6	4	0.0003	0.0017	1.0000
ZNF624 C754Mfs*41	PT7	4	0.0092	0.0040	1.0000
ZNF624 C754Mfs*41	PT8	4	0.8100	0.0360	1.0000
ZNF624 C754Mfs*41	Per1	4	0.0012	0.0033	1.0000
ZNF624 C754Mfs*41	Per2	4	0.0082	0.0044	1.0000
ZNF624 C754Mfs*41	Per3	4	0.0030	0.0049	1.0000
ZNF624 C754Mfs*41	Per4	4	0.0019	0.0041	1.0000
ZNF624 C754Mfs*41	TD1	4	0.4347	0.0362	1.0000
C6orf118 R193=	LN1	5	0.0025	0.0058	1.0000
C6orf118 R193=	LN2a	5	0.4936	0.1726	1.0000
C6orf118 R193=	PT1	5	0.0210	0.0110	1.0000
C6orf118 R193=	PT2	5	0.8098	0.2133	1.0000
C6orf118 R193=	PT3	5	0.4133	0.1120	1.0000
C6orf118 R193=	PT4	5	0.0121	0.0103	1.0000
C6orf118 R193=	PT5	5	0.0016	0.0044	1.0000
C6orf118 R193=	PT6	5	0.4535	0.1426	1.0000
C6orf118 R193=	PT7	5	0.8356	0.1655	1.0000
C6orf118 R193=	PT8	5	0.0502	0.0218	1.0000
C6orf118 R193=	Per1	5	0.6288	0.1664	1.0000
C6orf118 R193=	Per2	5	0.5352	0.1147	1.0000
C6orf118 R193=	Per3	5	0.5298	0.1523	1.0000
C6orf118 R193=	Per4	5	0.5638	0.1482	1.0000
C6orf118 R193=	TD1	5	0.0872	0.0282	1.0000
PIP5K1C M439I	LN1	5	0.0025	0.0058	1.0000
PIP5K1C M439I	LN2a	5	0.4936	0.1726	1.0000
PIP5K1C M439I	PT1	5	0.0210	0.0110	1.0000
PIP5K1C M439I	PT2	5	0.8098	0.2133	1.0000
PIP5K1C M439I	PT3	5	0.4133	0.1120	1.0000
PIP5K1C M439I	PT4	5	0.0121	0.0103	1.0000
PIP5K1C M439I	PT5	5	0.0016	0.0044	1.0000
PIP5K1C M439I	PT6	5	0.4535	0.1426	1.0000
PIP5K1C M439I	PT7	5	0.8356	0.1655	1.0000
PIP5K1C M439I	PT8	5	0.0502	0.0218	1.0000
PIP5K1C M439I	Per1	5	0.6288	0.1664	1.0000
PIP5K1C M439I	Per2	5	0.5352	0.1147	1.0000
PIP5K1C M439I	Per3	5	0.5298	0.1523	1.0000
PIP5K1C M439I	Per4	5	0.5638	0.1482	1.0000
PIP5K1C M439I	TD1	5	0.0872	0.0282	1.0000
PLEKHA4 P272L	LN1	5	0.0025	0.0058	1.0000
PLEKHA4 P272L	LN2a	5	0.4936	0.1726	1.0000
PLEKHA4 P272L	PT1	5	0.0210	0.0110	1.0000
PLEKHA4 P272L	PT2	5	0.8098	0.2133	1.0000
PLEKHA4 P272L	PT3	5	0.4133	0.1120	1.0000
PLEKHA4 P272L	PT4	5	0.0121	0.0103	1.0000
PLEKHA4 P272L	PT5	5	0.0016	0.0044	1.0000
PLEKHA4 P272L	PT6	5	0.4535	0.1426	1.0000
PLEKHA4 P272L	PT7	5	0.8356	0.1655	1.0000
PLEKHA4 P272L	PT8	5	0.0502	0.0218	1.0000
PLEKHA4 P272L	Per1	5	0.6288	0.1664	1.0000
PLEKHA4 P272L	Per2	5	0.5352	0.1147	1.0000
PLEKHA4 P272L	Per3	5	0.5298	0.1523	1.0000
PLEKHA4 P272L	Per4	5	0.5638	0.1482	1.0000
PLEKHA4 P272L	TD1	5	0.0872	0.0282	1.0000
RERE S973R	LN1	5	0.0025	0.0058	1.0000
RERE S973R	LN2a	5	0.4936	0.1726	1.0000
RERE S973R	PT1	5	0.0210	0.0110	1.0000
RERE S973R	PT2	5	0.8098	0.2133	1.0000
RERE S973R	PT3	5	0.4133	0.1120	1.0000
RERE S973R	PT4	5	0.0121	0.0103	1.0000
RERE S973R	PT5	5	0.0016	0.0044	1.0000
RERE S973R	PT6	5	0.4535	0.1426	1.0000
RERE S973R	PT7	5	0.8356	0.1655	1.0000
RERE S973R	PT8	5	0.0502	0.0218	1.0000
RERE S973R	Per1	5	0.6288	0.1664	1.0000
RERE S973R	Per2	5	0.5352	0.1147	1.0000
RERE S973R	Per3	5	0.5298	0.1523	1.0000
RERE S973R	Per4	5	0.5638	0.1482	1.0000
RERE S973R	TD1	5	0.0872	0.0282	1.0000
BHMT2 V162A	LN1	6	0.0049	0.0054	1.0000
BHMT2 V162A	LN2a	6	0.1539	0.0204	1.0000
BHMT2 V162A	PT1	6	0.0016	0.0037	1.0000
BHMT2 V162A	PT2	6	0.0012	0.0033	1.0000
BHMT2 V162A	PT3	6	0.0021	0.0042	1.0000
BHMT2 V162A	PT4	6	0.2517	0.0296	1.0000
BHMT2 V162A	PT5	6	0.0000	0.0006	1.0000
BHMT2 V162A	PT6	6	0.2040	0.0294	1.0000
BHMT2 V162A	PT7	6	0.2701	0.0343	1.0000
BHMT2 V162A	PT8	6	0.0000	0.0004	1.0000
BHMT2 V162A	Per1	6	0.0004	0.0020	1.0000
BHMT2 V162A	Per2	6	0.0018	0.0041	1.0000
BHMT2 V162A	Per3	6	0.0029	0.0056	1.0000
BHMT2 V162A	Per4	6	0.0016	0.0042	1.0000
BHMT2 V162A	TD1	6	0.0001	0.0010	1.0000
CDYL2 D473=	LN1	6	0.0049	0.0054	1.0000
CDYL2 D473=	LN2a	6	0.1539	0.0204	1.0000
CDYL2 D473=	PT1	6	0.0016	0.0037	1.0000
CDYL2 D473=	PT2	6	0.0012	0.0033	1.0000
CDYL2 D473=	PT3	6	0.0021	0.0042	1.0000
CDYL2 D473=	PT4	6	0.2517	0.0296	1.0000
CDYL2 D473=	PT5	6	0.0000	0.0006	1.0000
CDYL2 D473=	PT6	6	0.2040	0.0294	1.0000
CDYL2 D473=	PT7	6	0.2701	0.0343	1.0000
CDYL2 D473=	PT8	6	0.0000	0.0004	1.0000
CDYL2 D473=	Per1	6	0.0004	0.0020	1.0000
CDYL2 D473=	Per2	6	0.0018	0.0041	1.0000
CDYL2 D473=	Per3	6	0.0029	0.0056	1.0000
CDYL2 D473=	Per4	6	0.0016	0.0042	1.0000
CDYL2 D473=	TD1	6	0.0001	0.0010	1.0000
DLGAP2 R669Q	LN1	6	0.0049	0.0054	1.0000
DLGAP2 R669Q	LN2a	6	0.1539	0.0204	1.0000
DLGAP2 R669Q	PT1	6	0.0016	0.0037	1.0000
DLGAP2 R669Q	PT2	6	0.0012	0.0033	1.0000
DLGAP2 R669Q	PT3	6	0.0021	0.0042	1.0000
DLGAP2 R669Q	PT4	6	0.2517	0.0296	1.0000
DLGAP2 R669Q	PT5	6	0.0000	0.0006	1.0000
DLGAP2 R669Q	PT6	6	0.2040	0.0294	1.0000
DLGAP2 R669Q	PT7	6	0.2701	0.0343	1.0000
DLGAP2 R669Q	PT8	6	0.0000	0.0004	1.0000
DLGAP2 R669Q	Per1	6	0.0004	0.0020	1.0000
DLGAP2 R669Q	Per2	6	0.0018	0.0041	1.0000
DLGAP2 R669Q	Per3	6	0.0029	0.0056	1.0000
DLGAP2 R669Q	Per4	6	0.0016	0.0042	1.0000
DLGAP2 R669Q	TD1	6	0.0001	0.0010	1.0000
LTBP1 P943=	LN1	6	0.0049	0.0054	1.0000
LTBP1 P943=	LN2a	6	0.1539	0.0204	1.0000
LTBP1 P943=	PT1	6	0.0016	0.0037	1.0000
LTBP1 P943=	PT2	6	0.0012	0.0033	1.0000
LTBP1 P943=	PT3	6	0.0021	0.0042	1.0000
LTBP1 P943=	PT4	6	0.2517	0.0296	1.0000
LTBP1 P943=	PT5	6	0.0000	0.0006	1.0000
LTBP1 P943=	PT6	6	0.2040	0.0294	1.0000
LTBP1 P943=	PT7	6	0.2701	0.0343	1.0000
LTBP1 P943=	PT8	6	0.0000	0.0004	1.0000
LTBP1 P943=	Per1	6	0.0004	0.0020	1.0000
LTBP1 P943=	Per2	6	0.0018	0.0041	1.0000
LTBP1 P943=	Per3	6	0.0029	0.0056	1.0000
LTBP1 P943=	Per4	6	0.0016	0.0042	1.0000
LTBP1 P943=	TD1	6	0.0001	0.0010	1.0000
OR51S1 G96S	LN1	6	0.0049	0.0054	1.0000
OR51S1 G96S	LN2a	6	0.1539	0.0204	1.0000
OR51S1 G96S	PT1	6	0.0016	0.0037	1.0000
OR51S1 G96S	PT2	6	0.0012	0.0033	1.0000
OR51S1 G96S	PT3	6	0.0021	0.0042	1.0000
OR51S1 G96S	PT4	6	0.2517	0.0296	1.0000
OR51S1 G96S	PT5	6	0.0000	0.0006	1.0000
OR51S1 G96S	PT6	6	0.2040	0.0294	1.0000
OR51S1 G96S	PT7	6	0.2701	0.0343	1.0000
OR51S1 G96S	PT8	6	0.0000	0.0004	1.0000
OR51S1 G96S	Per1	6	0.0004	0.0020	1.0000
OR51S1 G96S	Per2	6	0.0018	0.0041	1.0000
OR51S1 G96S	Per3	6	0.0029	0.0056	1.0000
OR51S1 G96S	Per4	6	0.0016	0.0042	1.0000
OR51S1 G96S	TD1	6	0.0001	0.0010	1.0000
PCLO S1752N	LN1	6	0.0049	0.0054	1.0000
PCLO S1752N	LN2a	6	0.1539	0.0204	1.0000
PCLO S1752N	PT1	6	0.0016	0.0037	1.0000
PCLO S1752N	PT2	6	0.0012	0.0033	1.0000
PCLO S1752N	PT3	6	0.0021	0.0042	1.0000
PCLO S1752N	PT4	6	0.2517	0.0296	1.0000
PCLO S1752N	PT5	6	0.0000	0.0006	1.0000
PCLO S1752N	PT6	6	0.2040	0.0294	1.0000
PCLO S1752N	PT7	6	0.2701	0.0343	1.0000
PCLO S1752N	PT8	6	0.0000	0.0004	1.0000
PCLO S1752N	Per1	6	0.0004	0.0020	1.0000
PCLO S1752N	Per2	6	0.0018	0.0041	1.0000
PCLO S1752N	Per3	6	0.0029	0.0056	1.0000
PCLO S1752N	Per4	6	0.0016	0.0042	1.0000
PCLO S1752N	TD1	6	0.0001	0.0010	1.0000
PYHIN1 R380=	LN1	6	0.0049	0.0054	1.0000
PYHIN1 R380=	LN2a	6	0.1539	0.0204	1.0000
PYHIN1 R380=	PT1	6	0.0016	0.0037	1.0000
PYHIN1 R380=	PT2	6	0.0012	0.0033	1.0000
PYHIN1 R380=	PT3	6	0.0021	0.0042	1.0000
PYHIN1 R380=	PT4	6	0.2517	0.0296	1.0000
PYHIN1 R380=	PT5	6	0.0000	0.0006	1.0000
PYHIN1 R380=	PT6	6	0.2040	0.0294	1.0000
PYHIN1 R380=	PT7	6	0.2701	0.0343	1.0000
PYHIN1 R380=	PT8	6	0.0000	0.0004	1.0000
PYHIN1 R380=	Per1	6	0.0004	0.0020	1.0000
PYHIN1 R380=	Per2	6	0.0018	0.0041	1.0000
PYHIN1 R380=	Per3	6	0.0029	0.0056	1.0000
PYHIN1 R380=	Per4	6	0.0016	0.0042	1.0000
PYHIN1 R380=	TD1	6	0.0001	0.0010	1.0000
SAMSN1 M138Nfs*14	LN1	6	0.0049	0.0054	1.0000
SAMSN1 M138Nfs*14	LN2a	6	0.1539	0.0204	1.0000
SAMSN1 M138Nfs*14	PT1	6	0.0016	0.0037	1.0000
SAMSN1 M138Nfs*14	PT2	6	0.0012	0.0033	1.0000
SAMSN1 M138Nfs*14	PT3	6	0.0021	0.0042	1.0000
SAMSN1 M138Nfs*14	PT4	6	0.2517	0.0296	1.0000
SAMSN1 M138Nfs*14	PT5	6	0.0000	0.0006	1.0000
SAMSN1 M138Nfs*14	PT6	6	0.2040	0.0294	1.0000
SAMSN1 M138Nfs*14	PT7	6	0.2701	0.0343	1.0000
SAMSN1 M138Nfs*14	PT8	6	0.0000	0.0004	1.0000
SAMSN1 M138Nfs*14	Per1	6	0.0004	0.0020	1.0000
SAMSN1 M138Nfs*14	Per2	6	0.0018	0.0041	1.0000
SAMSN1 M138Nfs*14	Per3	6	0.0029	0.0056	1.0000
SAMSN1 M138Nfs*14	Per4	6	0.0016	0.0042	1.0000
SAMSN1 M138Nfs*14	TD1	6	0.0001	0.0010	1.0000
TEC X550_splice	LN1	6	0.0049	0.0054	1.0000
TEC X550_splice	LN2a	6	0.1539	0.0204	1.0000
TEC X550_splice	PT1	6	0.0016	0.0037	1.0000
TEC X550_splice	PT2	6	0.0012	0.0033	1.0000
TEC X550_splice	PT3	6	0.0021	0.0042	1.0000
TEC X550_splice	PT4	6	0.2517	0.0296	1.0000
TEC X550_splice	PT5	6	0.0000	0.0006	1.0000
TEC X550_splice	PT6	6	0.2040	0.0294	1.0000
TEC X550_splice	PT7	6	0.2701	0.0343	1.0000
TEC X550_splice	PT8	6	0.0000	0.0004	1.0000
TEC X550_splice	Per1	6	0.0004	0.0020	1.0000
TEC X550_splice	Per2	6	0.0018	0.0041	1.0000
TEC X550_splice	Per3	6	0.0029	0.0056	1.0000
TEC X550_splice	Per4	6	0.0016	0.0042	1.0000
TEC X550_splice	TD1	6	0.0001	0.0010	1.0000
TICAM1 Q688*	LN1	6	0.0049	0.0054	1.0000
TICAM1 Q688*	LN2a	6	0.1539	0.0204	1.0000
TICAM1 Q688*	PT1	6	0.0016	0.0037	1.0000
TICAM1 Q688*	PT2	6	0.0012	0.0033	1.0000
TICAM1 Q688*	PT3	6	0.0021	0.0042	1.0000
TICAM1 Q688*	PT4	6	0.2517	0.0296	1.0000
TICAM1 Q688*	PT5	6	0.0000	0.0006	1.0000
TICAM1 Q688*	PT6	6	0.2040	0.0294	1.0000
TICAM1 Q688*	PT7	6	0.2701	0.0343	1.0000
TICAM1 Q688*	PT8	6	0.0000	0.0004	1.0000
TICAM1 Q688*	Per1	6	0.0004	0.0020	1.0000
TICAM1 Q688*	Per2	6	0.0018	0.0041	1.0000
TICAM1 Q688*	Per3	6	0.0029	0.0056	1.0000
TICAM1 Q688*	Per4	6	0.0016	0.0042	1.0000
TICAM1 Q688*	TD1	6	0.0001	0.0010	1.0000
