a	b	r
E3A1	E3A2a	0.852324101818315
E3A1	E3A2b	0.912549037400791
E3A1	E3A2c	0.96666997921281
E3A1	E3B1	0.0510390078286173
E3A1	E3L2	0.02289378707363
E3A1	E3L3	-0.171790894706684
E3A1	E3L4	-0.205277706187952
E3A1	E3N1	NA
E3A1	E3N4	0.42233670465749
E3A1	E3P10b	0.830912764752186
E3A1	E3P11b	0.786234438981157
E3A1	E3P12b	0.789048675878933
E3A1	E3P13b	0.804002718840249
E3A1	E3P14b	0.773455327171665
E3A1	E3P15c	0.112987715311698
E3A1	E3P16c	0.410601261265318
E3A1	E3P17c	0.581497040141069
E3A1	E3P18c	0.215043772796985
E3A1	E3P19c	0.290607534757184
E3A1	E3P1a	-0.0696794012284851
E3A1	E3P20c	0.0617782330280524
E3A1	E3P3a	0.256185681154804
E3A1	E3P4a	-0.0751994730369754
E3A1	E3P5a	0.138708850973322
E3A1	E3P6a	-0.014896383625414
E3A1	E3P7b	0.77013142826181
E3A1	E3P8b	0.898590727360006
E3A1	E3P9b	0.879201318807267
E3A2a	E3A2b	0.967400755486154
E3A2a	E3A2c	0.915023581687108
E3A2a	E3B1	-0.0146266267831102
E3A2a	E3L2	0.0690112831198457
E3A2a	E3L3	-0.141293902711367
E3A2a	E3L4	-0.20349410425468
E3A2a	E3N1	NA
E3A2a	E3N4	0.353163338836555
E3A2a	E3P10b	0.952420280736787
E3A2a	E3P11b	0.572815702828742
E3A2a	E3P12b	0.852907369272236
E3A2a	E3P13b	0.802925757086119
E3A2a	E3P14b	0.892652335923991
E3A2a	E3P15c	0.248849366898076
E3A2a	E3P16c	0.155967859270859
E3A2a	E3P17c	0.254679195449271
E3A2a	E3P18c	0.337386817408787
E3A2a	E3P19c	0.433001725773008
E3A2a	E3P1a	-0.0174698022651329
E3A2a	E3P20c	0.171868573226988
E3A2a	E3P3a	0.330806693433932
E3A2a	E3P4a	-0.0488718784957043
E3A2a	E3P5a	0.131132906584089
E3A2a	E3P6a	0.016619212502819
E3A2a	E3P7b	0.820994618246506
E3A2a	E3P8b	0.919453391697742
E3A2a	E3P9b	0.723393898911428
E3A2b	E3A2c	0.963391104504139
E3A2b	E3B1	0.0552963949555918
E3A2b	E3L2	0.0936304753949594
E3A2b	E3L3	-0.115268029836783
E3A2b	E3L4	-0.184373736679278
E3A2b	E3N1	NA
E3A2b	E3N4	0.276025997095327
E3A2b	E3P10b	0.935514317451681
E3A2b	E3P11b	0.660024676772299
E3A2b	E3P12b	0.871693762063963
E3A2b	E3P13b	0.847505078329368
E3A2b	E3P14b	0.937968503825228
E3A2b	E3P15c	0.242663840154565
E3A2b	E3P16c	0.248760092064241
E3A2b	E3P17c	0.331681494876999
E3A2b	E3P18c	0.295696323912498
E3A2b	E3P19c	0.41031555030702
E3A2b	E3P1a	0.0222677233501328
E3A2b	E3P20c	0.168368594191148
E3A2b	E3P3a	0.36672065378406
E3A2b	E3P4a	-0.00333628877574345
E3A2b	E3P5a	0.190383442553374
E3A2b	E3P6a	0.0623144044901031
E3A2b	E3P7b	0.79021399484891
E3A2b	E3P8b	0.957373126921773
E3A2b	E3P9b	0.800242317462072
E3A2c	E3B1	-0.00217805240961232
E3A2c	E3L2	0.0200150438306304
E3A2c	E3L3	-0.188423980556267
E3A2c	E3L4	-0.240348373509732
E3A2c	E3N1	NA
E3A2c	E3N4	0.401802172048961
E3A2c	E3P10b	0.883026125289005
E3A2c	E3P11b	0.729279960565621
E3A2c	E3P12b	0.833735333399495
E3A2c	E3P13b	0.829255216202815
E3A2c	E3P14b	0.847167783902333
E3A2c	E3P15c	0.147854360658392
E3A2c	E3P16c	0.299905981997857
E3A2c	E3P17c	0.449249840728282
E3A2c	E3P18c	0.244246701316054
E3A2c	E3P19c	0.335722477378374
E3A2c	E3P1a	-0.0718524044154506
E3A2c	E3P20c	0.097039634003686
E3A2c	E3P3a	0.263687250993492
E3A2c	E3P4a	-0.0752404673840113
E3A2c	E3P5a	0.119440741067902
E3A2c	E3P6a	-0.0281442145506266
E3A2c	E3P7b	0.780964578085974
E3A2c	E3P8b	0.929668582510152
E3A2c	E3P9b	0.845690652009918
E3B1	E3L2	0.889399185060462
E3B1	E3L3	0.903486099556641
E3B1	E3L4	0.863830642429468
E3B1	E3N1	NA
E3B1	E3N4	-0.0338804381101787
E3B1	E3P10b	-0.0374421734066892
E3B1	E3P11b	0.123970117820656
E3B1	E3P12b	0.0911779941115246
E3B1	E3P13b	-0.0776762361247804
E3B1	E3P14b	0.102424515058198
E3B1	E3P15c	0.332390053103577
E3B1	E3P16c	0.554430647342594
E3B1	E3P17c	0.360860470753522
E3B1	E3P18c	0.29627128784857
E3B1	E3P19c	0.300634274628156
E3B1	E3P1a	0.936402207487159
E3B1	E3P20c	0.268506279359406
E3B1	E3P3a	0.876090051863384
E3B1	E3P4a	0.905148668856313
E3B1	E3P5a	0.962000820234692
E3B1	E3P6a	0.924271081432249
E3B1	E3P7b	0.00892927728805295
E3B1	E3P8b	0.0773644072655357
E3B1	E3P9b	0.146309365227273
E3L2	E3L3	0.955222289059291
E3L2	E3L4	0.929591374576384
E3L2	E3N1	NA
E3L2	E3N4	0.15220811898703
E3L2	E3P10b	0.0273893011038632
E3L2	E3P11b	-0.021621923113607
E3L2	E3P12b	0.286388251490979
E3L2	E3P13b	-0.0704205293879426
E3L2	E3P14b	0.135094007502229
E3L2	E3P15c	0.18748437192059
E3L2	E3P16c	0.255698130959078
E3L2	E3P17c	0.131740428359235
E3L2	E3P18c	0.288463026858547
E3L2	E3P19c	0.237379716808711
E3L2	E3P1a	0.934757902051811
E3L2	E3P20c	0.169169879742265
E3L2	E3P3a	0.914864526835831
E3L2	E3P4a	0.966982474237908
E3L2	E3P5a	0.941486891621246
E3L2	E3P6a	0.971535342129294
E3L2	E3P7b	0.104255967152898
E3L2	E3P8b	0.0494066524143539
E3L2	E3P9b	0.0317585192909613
E3L3	E3L4	0.985524677360553
E3L3	E3N1	NA
E3L3	E3N4	0.0784747303987011
E3L3	E3P10b	-0.163429961276727
E3L3	E3P11b	-0.170498394158078
E3L3	E3P12b	0.0419614514489523
E3L3	E3P13b	-0.27880128282148
E3L3	E3P14b	-0.0490930754309652
E3L3	E3P15c	0.167505263678826
E3L3	E3P16c	0.244444267723114
E3L3	E3P17c	0.0683877300893567
E3L3	E3P18c	0.217526606198185
E3L3	E3P19c	0.169011496516906
E3L3	E3P1a	0.938265666626394
E3L3	E3P20c	0.124794747498057
E3L3	E3P3a	0.857627151549178
E3L3	E3P4a	0.95757833384699
E3L3	E3P5a	0.892064802440983
E3L3	E3P6a	0.962492693917212
E3L3	E3P7b	-0.0543164321636286
E3L3	E3P8b	-0.156695358503724
E3L3	E3P9b	-0.13092836949293
E3L4	E3N1	NA
E3L4	E3N4	0.138041404070162
E3L4	E3P10b	-0.237877200987879
E3L4	E3P11b	-0.241754180830856
E3L4	E3P12b	0.0073704565595472
E3L4	E3P13b	-0.325469120884261
E3L4	E3P14b	-0.146142317049464
E3L4	E3P15c	0.0658717330383408
E3L4	E3P16c	0.181221033699649
E3L4	E3P17c	0.040934591603125
E3L4	E3P18c	0.134321511291681
E3L4	E3P19c	0.0667482256145336
E3L4	E3P1a	0.899231403577898
E3L4	E3P20c	0.0302307731121731
E3L4	E3P3a	0.805723522860087
E3L4	E3P4a	0.939877317916457
E3L4	E3P5a	0.840220783878598
E3L4	E3P6a	0.931981171960505
E3L4	E3P7b	-0.0799348216056009
E3L4	E3P8b	-0.241828580024966
E3L4	E3P9b	-0.200406685450021
E3N1	E3N4	NA
E3N1	E3P10b	NA
E3N1	E3P11b	NA
E3N1	E3P12b	NA
E3N1	E3P13b	NA
E3N1	E3P14b	NA
E3N1	E3P15c	NA
E3N1	E3P16c	NA
E3N1	E3P17c	NA
E3N1	E3P18c	NA
E3N1	E3P19c	NA
E3N1	E3P1a	NA
E3N1	E3P20c	NA
E3N1	E3P3a	NA
E3N1	E3P4a	NA
E3N1	E3P5a	NA
E3N1	E3P6a	NA
E3N1	E3P7b	NA
E3N1	E3P8b	NA
E3N1	E3P9b	NA
E3N4	E3P10b	0.357665047122671
E3N4	E3P11b	0.246279723055552
E3N4	E3P12b	0.390322967555221
E3N4	E3P13b	0.154987914213823
E3N4	E3P14b	0.112083167535056
E3N4	E3P15c	-0.169901745507231
E3N4	E3P16c	0.00861628995060099
E3N4	E3P17c	0.279335614488785
E3N4	E3P18c	0.177544907983499
E3N4	E3P19c	0.0781943901276633
E3N4	E3P1a	-0.0560913613777382
E3N4	E3P20c	-0.136076270177104
E3N4	E3P3a	0.129222696435253
E3N4	E3P4a	0.00854115285872211
E3N4	E3P5a	0.0213787721588629
E3N4	E3P6a	0.018700873768249
E3N4	E3P7b	0.586664567622017
E3N4	E3P8b	0.228117901217458
E3N4	E3P9b	0.26899964415368
E3P10b	E3P11b	0.663880588886191
E3P10b	E3P12b	0.814734300872052
E3P10b	E3P13b	0.78083344098037
E3P10b	E3P14b	0.90452565771004
E3P10b	E3P15c	0.377064535608432
E3P10b	E3P16c	0.23255692595744
E3P10b	E3P17c	0.308954857287443
E3P10b	E3P18c	0.488356069207479
E3P10b	E3P19c	0.578983050070994
E3P10b	E3P1a	-0.0905991690624327
E3P10b	E3P20c	0.316347225253745
E3P10b	E3P3a	0.29318267015588
E3P10b	E3P4a	-0.11998000385465
E3P10b	E3P5a	0.083467227780409
E3P10b	E3P6a	-0.0250936571520047
E3P10b	E3P7b	0.867086428126666
E3P10b	E3P8b	0.926150335126395
E3P10b	E3P9b	0.747115988106552
E3P11b	E3P12b	0.506564362536495
E3P11b	E3P13b	0.684890165379324
E3P11b	E3P14b	0.561496729680106
E3P11b	E3P15c	0.366390729690931
E3P11b	E3P16c	0.727690810406325
E3P11b	E3P17c	0.824937688887494
E3P11b	E3P18c	0.448503387563553
E3P11b	E3P19c	0.485261756559312
E3P11b	E3P1a	-0.107585499913351
E3P11b	E3P20c	0.40576379116262
E3P11b	E3P3a	0.104293628139305
E3P11b	E3P4a	-0.162072625847504
E3P11b	E3P5a	0.143520334572911
E3P11b	E3P6a	-0.0817517014539986
E3P11b	E3P7b	0.594510202125642
E3P11b	E3P8b	0.742441695277767
E3P11b	E3P9b	0.935881159286379
E3P12b	E3P13b	0.717942388694876
E3P12b	E3P14b	0.785382380386437
E3P12b	E3P15c	0.12825610494175
E3P12b	E3P16c	0.103074097716417
E3P12b	E3P17c	0.232982103968439
E3P12b	E3P18c	0.31107184318838
E3P12b	E3P19c	0.320030756159183
E3P12b	E3P1a	0.123989019024024
E3P12b	E3P20c	0.16389825848602
E3P12b	E3P3a	0.415606098553462
E3P12b	E3P4a	0.160213877721321
E3P12b	E3P5a	0.258933456157535
E3P12b	E3P6a	0.18828202459644
E3P12b	E3P7b	0.799835543873001
E3P12b	E3P8b	0.770201973003412
E3P12b	E3P9b	0.667990501805002
E3P13b	E3P14b	0.771999416493782
E3P13b	E3P15c	-0.00723865697556226
E3P13b	E3P16c	0.153219067661948
E3P13b	E3P17c	0.263228005623537
E3P13b	E3P18c	0.0271970518856136
E3P13b	E3P19c	0.143934923782442
E3P13b	E3P1a	-0.177765223213678
E3P13b	E3P20c	-0.00410411048541996
E3P13b	E3P3a	0.12790240671653
E3P13b	E3P4a	-0.15307067319376
E3P13b	E3P5a	0.050192167809417
E3P13b	E3P6a	-0.0983740772113528
E3P13b	E3P7b	0.517798601553115
E3P13b	E3P8b	0.815883626659785
E3P13b	E3P9b	0.755612076796182
E3P14b	E3P15c	0.342306437885599
E3P14b	E3P16c	0.178857821572319
E3P14b	E3P17c	0.170430575691082
E3P14b	E3P18c	0.320828596423734
E3P14b	E3P19c	0.482534708174336
E3P14b	E3P1a	0.100136125235927
E3P14b	E3P20c	0.234166190833984
E3P14b	E3P3a	0.443025908087363
E3P14b	E3P4a	0.056562861847748
E3P14b	E3P5a	0.247924241790524
E3P14b	E3P6a	0.149326183201785
E3P14b	E3P7b	0.678826948655832
E3P14b	E3P8b	0.940374047287981
E3P14b	E3P9b	0.662008710296546
E3P15c	E3P16c	0.605524792574379
E3P15c	E3P17c	0.395694596274097
E3P15c	E3P18c	0.882532881119026
E3P15c	E3P19c	0.949664978978954
E3P15c	E3P1a	0.236233295691178
E3P15c	E3P20c	0.942353669050932
E3P15c	E3P3a	0.314755187792764
E3P15c	E3P4a	0.104770070255246
E3P15c	E3P5a	0.271669772989343
E3P15c	E3P6a	0.172774311416854
E3P15c	E3P7b	0.414222407959616
E3P15c	E3P8b	0.362930644394486
E3P15c	E3P9b	0.290558665205979
E3P16c	E3P17c	0.919074905979144
E3P16c	E3P18c	0.555189126273243
E3P16c	E3P19c	0.573266005495646
E3P16c	E3P1a	0.295108174287154
E3P16c	E3P20c	0.593420879545287
E3P16c	E3P3a	0.318281234123737
E3P16c	E3P4a	0.192039205464297
E3P16c	E3P5a	0.435734088534817
E3P16c	E3P6a	0.248873235756042
E3P16c	E3P7b	0.314407165970476
E3P16c	E3P8b	0.359262210850233
E3P16c	E3P9b	0.653483155302205
E3P17c	E3P18c	0.46782419948959
E3P17c	E3P19c	0.434204720186069
E3P17c	E3P1a	0.102778594778287
E3P17c	E3P20c	0.417865781159143
E3P17c	E3P3a	0.165755947131741
E3P17c	E3P4a	0.0316604170694934
E3P17c	E3P5a	0.279833087800153
E3P17c	E3P6a	0.0762025318513832
E3P17c	E3P7b	0.451990978181833
E3P17c	E3P8b	0.425127485789793
E3P17c	E3P9b	0.751252102320818
E3P18c	E3P19c	0.952500060224544
E3P18c	E3P1a	0.217015708290015
E3P18c	E3P20c	0.903373579287363
E3P18c	E3P3a	0.331475374521396
E3P18c	E3P4a	0.129221124336757
E3P18c	E3P5a	0.283078200025841
E3P18c	E3P6a	0.188817854696831
E3P18c	E3P7b	0.608691668865924
E3P18c	E3P8b	0.379899173911604
E3P18c	E3P9b	0.381753676746695
E3P19c	E3P1a	0.202820202499829
E3P19c	E3P20c	0.905599171581123
E3P19c	E3P3a	0.377238036334032
E3P19c	E3P4a	0.103355857492616
E3P19c	E3P5a	0.286940510562414
E3P19c	E3P6a	0.185130179343195
E3P19c	E3P7b	0.606881663579267
E3P19c	E3P8b	0.515110357324445
E3P19c	E3P9b	0.418182923722358
E3P1a	E3P20c	0.169152765410971
E3P1a	E3P3a	0.900041669321194
E3P1a	E3P4a	0.965151729183471
E3P1a	E3P5a	0.954409273172597
E3P1a	E3P6a	0.962665150569609
E3P1a	E3P7b	-0.0400278900491123
E3P1a	E3P8b	0.00363134083735056
E3P1a	E3P9b	-0.0272572546274851
E3P20c	E3P3a	0.199061041476373
E3P20c	E3P4a	0.0588661973431774
E3P20c	E3P5a	0.214901461204369
E3P20c	E3P6a	0.100091912366813
E3P20c	E3P7b	0.390078882894006
E3P20c	E3P8b	0.267530111978662
E3P20c	E3P9b	0.323529928871592
E3P3a	E3P4a	0.89496075209833
E3P3a	E3P5a	0.933878182407019
E3P3a	E3P6a	0.939088690032024
E3P3a	E3P7b	0.281234140659494
E3P3a	E3P8b	0.344816306729111
E3P3a	E3P9b	0.194333252952004
E3P4a	E3P5a	0.937318576522587
E3P4a	E3P6a	0.982863076942148
E3P4a	E3P7b	-0.0704056033300396
E3P4a	E3P8b	-0.0491337108221132
E3P4a	E3P9b	-0.0905464436104446
E3P5a	E3P6a	0.956465790618592
E3P5a	E3P7b	0.0742643310468418
E3P5a	E3P8b	0.201885681274996
E3P5a	E3P9b	0.185153467589787
E3P6a	E3P7b	-0.00263777895762506
E3P6a	E3P8b	0.0381218924013883
E3P6a	E3P9b	-0.0300912224791437
E3P7b	E3P8b	0.744616638578189
E3P7b	E3P9b	0.688717391649753
E3P8b	E3P9b	0.803453928179984
E10B10	E10B11	0.991168924395882
E10B10	E10B12	0.99688369167224
E10B10	E10B13	0.975542472601196
E10B10	E10B14	0.990435124530909
E10B10	E10B2	0.991863045045689
E10B10	E10B3	0.992543327224168
E10B10	E10B4	0.991926741597826
E10B10	E10B5	0.994812028014455
E10B10	E10B6	0.995431837264901
E10B10	E10B7	0.985102316913151
E10B10	E10B8	0.995631347704143
E10B10	E10B9	0.993103288506643
E10B10	E10H1a	0.983969125669123
E10B10	E10H1b	0.985941573921874
E10B10	E10H1c	0.992519158485261
E10B10	E10L1	0.985405181421287
E10B10	E10L10	0.881964438561664
E10B10	E10L2	0.974532365195581
E10B10	E10L3	0.991933593754151
E10B10	E10L5	0.965986369062048
E10B10	E10L6	0.978201893281936
E10B10	E10L8	0.874099252907298
E10B10	E10N1	NA
E10B10	E10OL1	0.957102471390426
E10B10	E10P10b	0.99107319124375
E10B10	E10P11b	0.989914530144668
E10B10	E10P13b	0.989885742513661
E10B10	E10P14b	0.981884647487955
E10B10	E10P1a	0.993195105508259
E10B10	E10P3a	0.954098316818788
E10B10	E10P4a	0.873978139882393
E10B10	E10P5a	0.980149820213488
E10B10	E10P6a	0.979404666317636
E10B10	E10P7a	0.970170652005831
E10B10	E10P8b	0.989011401830423
E10B10	E10P9b	0.982097622285849
E10B10	E10X1	0.989040982832139
E10B10	E10X2	0.99130241494515
E10B10	E10X4	0.990799366381893
E10B10	E10X5	0.996047820749279
E10B10	E10X7	0.989985830654004
E10B10	E10X8	0.901610321367603
E10B10	E10X9	0.977918973287479
E10B11	E10B12	0.994264033494876
E10B11	E10B13	0.959382535465373
E10B11	E10B14	0.990260661376086
E10B11	E10B2	0.990486637205608
E10B11	E10B3	0.993997291696445
E10B11	E10B4	0.997592340246636
E10B11	E10B5	0.998079015024774
E10B11	E10B6	0.99770927810851
E10B11	E10B7	0.987670769205823
E10B11	E10B8	0.995030148266017
E10B11	E10B9	0.999079857546247
E10B11	E10H1a	0.986451772316904
E10B11	E10H1b	0.984068863784104
E10B11	E10H1c	0.985344229316813
E10B11	E10L1	0.990501279373151
E10B11	E10L10	0.885151754005818
E10B11	E10L2	0.955223902500254
E10B11	E10L3	0.996690803729084
E10B11	E10L5	0.962881717824993
E10B11	E10L6	0.971964496517662
E10B11	E10L8	0.859821737610217
E10B11	E10N1	NA
E10B11	E10OL1	0.957811485564145
E10B11	E10P10b	0.991773786503519
E10B11	E10P11b	0.990046206030796
E10B11	E10P13b	0.987910479251894
E10B11	E10P14b	0.969857683821586
E10B11	E10P1a	0.993025889146835
E10B11	E10P3a	0.965788945884453
E10B11	E10P4a	0.841134818188717
E10B11	E10P5a	0.97537144744485
E10B11	E10P6a	0.973004051071376
E10B11	E10P7a	0.971099250021617
E10B11	E10P8b	0.993392277757022
E10B11	E10P9b	0.98517350138359
E10B11	E10X1	0.992775877542745
E10B11	E10X2	0.991545929259636
E10B11	E10X4	0.996110987707993
E10B11	E10X5	0.997464448061357
E10B11	E10X7	0.995378480262515
E10B11	E10X8	0.910623518986135
E10B11	E10X9	0.970969574513412
E10B12	E10B13	0.976572451073857
E10B12	E10B14	0.990977651624949
E10B12	E10B2	0.993499972532498
E10B12	E10B3	0.995798496003675
E10B12	E10B4	0.996412736895355
E10B12	E10B5	0.996888891349873
E10B12	E10B6	0.997708092444763
E10B12	E10B7	0.988097025069369
E10B12	E10B8	0.998433191146172
E10B12	E10B9	0.99579062136167
E10B12	E10H1a	0.987498292255196
E10B12	E10H1b	0.986636651496178
E10B12	E10H1c	0.99125025650199
E10B12	E10L1	0.986104040176816
E10B12	E10L10	0.88569032205256
E10B12	E10L2	0.966521486950586
E10B12	E10L3	0.995648413356382
E10B12	E10L5	0.97422079774536
E10B12	E10L6	0.979177367446471
E10B12	E10L8	0.872407649939287
E10B12	E10N1	NA
E10B12	E10OL1	0.962568760554732
E10B12	E10P10b	0.988040611405063
E10B12	E10P11b	0.988539583902246
E10B12	E10P13b	0.98581661801059
E10B12	E10P14b	0.974136880098258
E10B12	E10P1a	0.992631796672665
E10B12	E10P3a	0.955944436271765
E10B12	E10P4a	0.857159991502938
E10B12	E10P5a	0.982295851700075
E10B12	E10P6a	0.977732688143524
E10B12	E10P7a	0.966597220579407
E10B12	E10P8b	0.987056716689565
E10B12	E10P9b	0.978109968947822
E10B12	E10X1	0.988113002132951
E10B12	E10X2	0.988080944317492
E10B12	E10X4	0.99656006751713
E10B12	E10X5	0.998131511541232
E10B12	E10X7	0.993054312543104
E10B12	E10X8	0.907138626746955
E10B12	E10X9	0.981692539708394
E10B13	E10B14	0.969450135604436
E10B13	E10B2	0.967372309549947
E10B13	E10B3	0.968912690019942
E10B13	E10B4	0.967250798301946
E10B13	E10B5	0.968426563678959
E10B13	E10B6	0.97087581870867
E10B13	E10B7	0.972703654400021
E10B13	E10B8	0.972121841363284
E10B13	E10B9	0.963088670952876
E10B13	E10H1a	0.973961211214924
E10B13	E10H1b	0.981106638252578
E10B13	E10H1c	0.974416147999823
E10B13	E10L1	0.960562566234195
E10B13	E10L10	0.918742829006901
E10B13	E10L2	0.965505583022131
E10B13	E10L3	0.967479335153737
E10B13	E10L5	0.972155921393152
E10B13	E10L6	0.97240570393876
E10B13	E10L8	0.912445822180685
E10B13	E10N1	NA
E10B13	E10OL1	0.971948573038503
E10B13	E10P10b	0.966522922859727
E10B13	E10P11b	0.965532698172246
E10B13	E10P13b	0.961970912392568
E10B13	E10P14b	0.95237355472614
E10B13	E10P1a	0.971174515402746
E10B13	E10P3a	0.910965627698382
E10B13	E10P4a	0.898234525260953
E10B13	E10P5a	0.96959136503262
E10B13	E10P6a	0.978145949504933
E10B13	E10P7a	0.949437583267662
E10B13	E10P8b	0.962711741388832
E10B13	E10P9b	0.955573836157167
E10B13	E10X1	0.96560474798735
E10B13	E10X2	0.963881121358409
E10B13	E10X4	0.96931348789025
E10B13	E10X5	0.9684226680628
E10B13	E10X7	0.968201841900585
E10B13	E10X8	0.932531542139963
E10B13	E10X9	0.980764895196397
E10B14	E10B2	0.98860732025353
E10B14	E10B3	0.987210761551783
E10B14	E10B4	0.990436428636893
E10B14	E10B5	0.992204739067398
E10B14	E10B6	0.991138851093015
E10B14	E10B7	0.986579334354546
E10B14	E10B8	0.991564208883527
E10B14	E10B9	0.990957179052262
E10B14	E10H1a	0.981990748369306
E10B14	E10H1b	0.984633808603579
E10B14	E10H1c	0.983363639125706
E10B14	E10L1	0.980321577215704
E10B14	E10L10	0.887603153364796
E10B14	E10L2	0.964589261440135
E10B14	E10L3	0.986905302094627
E10B14	E10L5	0.963086466412746
E10B14	E10L6	0.974665368002028
E10B14	E10L8	0.863783907029381
E10B14	E10N1	NA
E10B14	E10OL1	0.96374438765253
E10B14	E10P10b	0.991872592171647
E10B14	E10P11b	0.987619929803327
E10B14	E10P13b	0.983696810856025
E10B14	E10P14b	0.971523031380106
E10B14	E10P1a	0.995925125044393
E10B14	E10P3a	0.962582605706347
E10B14	E10P4a	0.866240386112659
E10B14	E10P5a	0.978894258832366
E10B14	E10P6a	0.976580563606648
E10B14	E10P7a	0.964060143795439
E10B14	E10P8b	0.99205713020318
E10B14	E10P9b	0.988218885082924
E10B14	E10X1	0.991022595833478
E10B14	E10X2	0.992155648010761
E10B14	E10X4	0.988358814269686
E10B14	E10X5	0.99156442088903
E10B14	E10X7	0.989657928720956
E10B14	E10X8	0.904406531528767
E10B14	E10X9	0.981080271883941
E10B2	E10B3	0.993790420230578
E10B2	E10B4	0.992588899351557
E10B2	E10B5	0.993075025001499
E10B2	E10B6	0.99260704414113
E10B2	E10B7	0.985881914854318
E10B2	E10B8	0.994400543159271
E10B2	E10B9	0.994183393419269
E10B2	E10H1a	0.981227823709597
E10B2	E10H1b	0.978812157717056
E10B2	E10H1c	0.978518054643359
E10B2	E10L1	0.984692110281696
E10B2	E10L10	0.887853248883045
E10B2	E10L2	0.959900866615657
E10B2	E10L3	0.993297152579294
E10B2	E10L5	0.976415419876364
E10B2	E10L6	0.973127372357792
E10B2	E10L8	0.869800553736013
E10B2	E10N1	NA
E10B2	E10OL1	0.955285066595047
E10B2	E10P10b	0.983046281159213
E10B2	E10P11b	0.987122256245414
E10B2	E10P13b	0.983430538762108
E10B2	E10P14b	0.970941517830014
E10B2	E10P1a	0.989819729426181
E10B2	E10P3a	0.957842232700802
E10B2	E10P4a	0.83918755620399
E10B2	E10P5a	0.982538747009851
E10B2	E10P6a	0.970806734710978
E10B2	E10P7a	0.962476409660165
E10B2	E10P8b	0.984515621450088
E10B2	E10P9b	0.974240165838132
E10B2	E10X1	0.986662549623884
E10B2	E10X2	0.987329289286378
E10B2	E10X4	0.994177177930789
E10B2	E10X5	0.994388216239492
E10B2	E10X7	0.990360300280141
E10B2	E10X8	0.897646775854105
E10B2	E10X9	0.981584080901837
E10B3	E10B4	0.993566657577392
E10B3	E10B5	0.996433424864324
E10B3	E10B6	0.996923134697872
E10B3	E10B7	0.989107545621293
E10B3	E10B8	0.997710278674732
E10B3	E10B9	0.996029138358942
E10B3	E10H1a	0.983260673136254
E10B3	E10H1b	0.982847739567658
E10B3	E10H1c	0.985518974812124
E10B3	E10L1	0.987480873668762
E10B3	E10L10	0.887847129087698
E10B3	E10L2	0.964789673268402
E10B3	E10L3	0.997004371264334
E10B3	E10L5	0.980503054210725
E10B3	E10L6	0.980536936586824
E10B3	E10L8	0.882704584039544
E10B3	E10N1	NA
E10B3	E10OL1	0.953256646245057
E10B3	E10P10b	0.986131750417636
E10B3	E10P11b	0.989477460887564
E10B3	E10P13b	0.98761421941291
E10B3	E10P14b	0.975842147782637
E10B3	E10P1a	0.991956601430588
E10B3	E10P3a	0.949404097328982
E10B3	E10P4a	0.834531688138918
E10B3	E10P5a	0.987053308001691
E10B3	E10P6a	0.979692529305042
E10B3	E10P7a	0.972363538670488
E10B3	E10P8b	0.986081482836705
E10B3	E10P9b	0.972540536101738
E10B3	E10X1	0.987810719338364
E10B3	E10X2	0.989433032853014
E10B3	E10X4	0.996052601865846
E10B3	E10X5	0.99700409184319
E10B3	E10X7	0.993354097596388
E10B3	E10X8	0.905813463759063
E10B3	E10X9	0.976199628379387
E10B4	E10B5	0.996416441719234
E10B4	E10B6	0.996766128322585
E10B4	E10B7	0.989336880414003
E10B4	E10B8	0.995868332662529
E10B4	E10B9	0.997415625898119
E10B4	E10H1a	0.991173174975738
E10B4	E10H1b	0.98814923298053
E10B4	E10H1c	0.985721391590134
E10B4	E10L1	0.991054231028483
E10B4	E10L10	0.889359748294279
E10B4	E10L2	0.955440873832148
E10B4	E10L3	0.995298823718664
E10B4	E10L5	0.967010606658768
E10B4	E10L6	0.97394770793632
E10B4	E10L8	0.866581284342343
E10B4	E10N1	NA
E10B4	E10OL1	0.95802206703966
E10B4	E10P10b	0.988549708990174
E10B4	E10P11b	0.988383456503468
E10B4	E10P13b	0.984913160828204
E10B4	E10P14b	0.97000630284617
E10B4	E10P1a	0.991135711309985
E10B4	E10P3a	0.964907420678695
E10B4	E10P4a	0.840556342041478
E10B4	E10P5a	0.977796755030116
E10B4	E10P6a	0.974211004640064
E10B4	E10P7a	0.965942330816759
E10B4	E10P8b	0.990284718119622
E10B4	E10P9b	0.979830177684562
E10B4	E10X1	0.990816546299595
E10B4	E10X2	0.988323192530927
E10B4	E10X4	0.996806318227948
E10B4	E10X5	0.99718484940506
E10B4	E10X7	0.995082632524856
E10B4	E10X8	0.914389295509975
E10B4	E10X9	0.976883466569397
E10B5	E10B6	0.999294970739252
E10B5	E10B7	0.989289204524395
E10B5	E10B8	0.997804127105626
E10B5	E10B9	0.998769534789916
E10B5	E10H1a	0.986457749242407
E10B5	E10H1b	0.985820263084246
E10B5	E10H1c	0.989897005941064
E10B5	E10L1	0.989439975034174
E10B5	E10L10	0.886442876098891
E10B5	E10L2	0.963012565550179
E10B5	E10L3	0.997851594022128
E10B5	E10L5	0.97047179118664
E10B5	E10L6	0.977573777863105
E10B5	E10L8	0.870241519118344
E10B5	E10N1	NA
E10B5	E10OL1	0.961366368197591
E10B5	E10P10b	0.9921066549038
E10B5	E10P11b	0.991295275027953
E10B5	E10P13b	0.989203126625
E10B5	E10P14b	0.972875290663781
E10B5	E10P1a	0.994849010330725
E10B5	E10P3a	0.959458500262162
E10B5	E10P4a	0.854374880259231
E10B5	E10P5a	0.981275252107738
E10B5	E10P6a	0.977789003878084
E10B5	E10P7a	0.971672017906037
E10B5	E10P8b	0.992734686829723
E10B5	E10P9b	0.984478407694397
E10B5	E10X1	0.992662954784103
E10B5	E10X2	0.992865388845717
E10B5	E10X4	0.996815762411774
E10B5	E10X5	0.998887058190684
E10B5	E10X7	0.996332300347765
E10B5	E10X8	0.909342994080897
E10B5	E10X9	0.975909560474954
E10B6	E10B7	0.987658577307289
E10B6	E10B8	0.998547607839735
E10B6	E10B9	0.998431731258769
E10B6	E10H1a	0.985474122031819
E10B6	E10H1b	0.986286591921494
E10B6	E10H1c	0.991432161675694
E10B6	E10L1	0.987936791733938
E10B6	E10L10	0.883291507198374
E10B6	E10L2	0.967470542741565
E10B6	E10L3	0.99862698157651
E10B6	E10L5	0.971956108816099
E10B6	E10L6	0.980869229788084
E10B6	E10L8	0.871142010037442
E10B6	E10N1	NA
E10B6	E10OL1	0.96187138794298
E10B6	E10P10b	0.992238203866644
E10B6	E10P11b	0.99259435084828
E10B6	E10P13b	0.991003957783214
E10B6	E10P14b	0.974454514833171
E10B6	E10P1a	0.994926654224831
E10B6	E10P3a	0.956935451793292
E10B6	E10P4a	0.85681440565559
E10B6	E10P5a	0.984006219535107
E10B6	E10P6a	0.978215497059337
E10B6	E10P7a	0.97323503171349
E10B6	E10P8b	0.992547437529339
E10B6	E10P9b	0.982740741923184
E10B6	E10X1	0.993425631644201
E10B6	E10X2	0.993161173073946
E10B6	E10X4	0.996786074755971
E10B6	E10X5	0.998757437914832
E10B6	E10X7	0.994505055455755
E10B6	E10X8	0.909718764304703
E10B6	E10X9	0.977801512008415
E10B7	E10B8	0.987632547455097
E10B7	E10B9	0.988086281177633
E10B7	E10H1a	0.993731847944638
E10B7	E10H1b	0.993207047132851
E10B7	E10H1c	0.976879372410876
E10B7	E10L1	0.994863781759381
E10B7	E10L10	0.93221047808635
E10B7	E10L2	0.949977944594112
E10B7	E10L3	0.985196974501522
E10B7	E10L5	0.972703443232473
E10B7	E10L6	0.965784313203293
E10B7	E10L8	0.916167492531046
E10B7	E10N1	NA
E10B7	E10OL1	0.954950414353637
E10B7	E10P10b	0.98370780814659
E10B7	E10P11b	0.980945202680474
E10B7	E10P13b	0.977151403472224
E10B7	E10P14b	0.967809978285123
E10B7	E10P1a	0.98876271965229
E10B7	E10P3a	0.945067059926703
E10B7	E10P4a	0.83876654272328
E10B7	E10P5a	0.97089223089183
E10B7	E10P6a	0.986741365679897
E10B7	E10P7a	0.963437593572489
E10B7	E10P8b	0.982919966348822
E10B7	E10P9b	0.974099293538618
E10B7	E10X1	0.984553921806369
E10B7	E10X2	0.982235641739368
E10B7	E10X4	0.989692775885334
E10B7	E10X5	0.98940061087299
E10B7	E10X7	0.996623337442556
E10B7	E10X8	0.941894768534115
E10B7	E10X9	0.968435133704538
E10B8	E10B9	0.996834480888482
E10B8	E10H1a	0.983873218503034
E10B8	E10H1b	0.984994468803773
E10B8	E10H1c	0.989970223104782
E10B8	E10L1	0.985460435921578
E10B8	E10L10	0.881590238829152
E10B8	E10L2	0.967316490329631
E10B8	E10L3	0.997322930215008
E10B8	E10L5	0.97757255813708
E10B8	E10L6	0.982645086196186
E10B8	E10L8	0.874379923054118
E10B8	E10N1	NA
E10B8	E10OL1	0.959277991436429
E10B8	E10P10b	0.988393245997818
E10B8	E10P11b	0.990310804897885
E10B8	E10P13b	0.988089849513929
E10B8	E10P14b	0.9745302568486
E10B8	E10P1a	0.994090513071635
E10B8	E10P3a	0.95199735290229
E10B8	E10P4a	0.847943992367993
E10B8	E10P5a	0.987304725297994
E10B8	E10P6a	0.978411307374468
E10B8	E10P7a	0.968608421144998
E10B8	E10P8b	0.988676756188763
E10B8	E10P9b	0.977776571899074
E10B8	E10X1	0.990384575411698
E10B8	E10X2	0.990716524239656
E10B8	E10X4	0.997135430681419
E10B8	E10X5	0.998551331397189
E10B8	E10X7	0.993371820268553
E10B8	E10X8	0.90397833191465
E10B8	E10X9	0.980608052469073
E10B9	E10H1a	0.986275773312268
E10B9	E10H1b	0.983691512389655
E10B9	E10H1c	0.984998588460738
E10B9	E10L1	0.990071569216549
E10B9	E10L10	0.885678780170387
E10B9	E10L2	0.957905904847004
E10B9	E10L3	0.998528419823358
E10B9	E10L5	0.968999296451625
E10B9	E10L6	0.973563750426484
E10B9	E10L8	0.864278854825025
E10B9	E10N1	NA
E10B9	E10OL1	0.958003128761777
E10B9	E10P10b	0.990645453523148
E10B9	E10P11b	0.990731524459071
E10B9	E10P13b	0.988604466589199
E10B9	E10P14b	0.972593046887615
E10B9	E10P1a	0.993184757877641
E10B9	E10P3a	0.965260966417361
E10B9	E10P4a	0.840083181676582
E10B9	E10P5a	0.980032964025135
E10B9	E10P6a	0.973649982522094
E10B9	E10P7a	0.969771757469027
E10B9	E10P8b	0.99222797399202
E10B9	E10P9b	0.98251145834612
E10B9	E10X1	0.992328056921156
E10B9	E10X2	0.992165294931811
E10B9	E10X4	0.997366435332382
E10B9	E10X5	0.998512622849997
E10B9	E10X7	0.995180824813236
E10B9	E10X8	0.906829733492437
E10B9	E10X9	0.975722431600738
E10H1a	E10H1b	0.994137528666049
E10H1a	E10H1c	0.978452526947084
E10H1a	E10L1	0.994192111460658
E10H1a	E10L10	0.922577195811334
E10H1a	E10L2	0.940719263997975
E10H1a	E10L3	0.982789728067088
E10H1a	E10L5	0.959191584158305
E10H1a	E10L6	0.960149322917024
E10H1a	E10L8	0.896825239659953
E10H1a	E10N1	NA
E10H1a	E10OL1	0.95339711173823
E10H1a	E10P10b	0.979407582242553
E10H1a	E10P11b	0.974425232577857
E10H1a	E10P13b	0.970922023186222
E10H1a	E10P14b	0.96366427160389
E10H1a	E10P1a	0.98031358328315
E10H1a	E10P3a	0.951957306680775
E10H1a	E10P4a	0.839483596555061
E10H1a	E10P5a	0.960975961932047
E10H1a	E10P6a	0.977016294535237
E10H1a	E10P7a	0.959356880888146
E10H1a	E10P8b	0.979097777347624
E10H1a	E10P9b	0.969611496960434
E10H1a	E10X1	0.978596987669305
E10H1a	E10X2	0.975993573146432
E10H1a	E10X4	0.986459709436152
E10H1a	E10X5	0.987032744448799
E10H1a	E10X7	0.991828101537769
E10H1a	E10X8	0.939027060917866
E10H1a	E10X9	0.965659251171164
E10H1b	E10H1c	0.984115480392606
E10H1b	E10L1	0.989725560775867
E10H1b	E10L10	0.925044927118426
E10H1b	E10L2	0.954511338115229
E10H1b	E10L3	0.982040155412004
E10H1b	E10L5	0.962315235209138
E10H1b	E10L6	0.972700713976325
E10H1b	E10L8	0.913763600564321
E10H1b	E10N1	NA
E10H1b	E10OL1	0.961871083707645
E10H1b	E10P10b	0.984068498278451
E10H1b	E10P11b	0.979628489483685
E10H1b	E10P13b	0.978023674055014
E10H1b	E10P14b	0.965193932145803
E10H1b	E10P1a	0.986650372788822
E10H1b	E10P3a	0.935840462334453
E10H1b	E10P4a	0.862787175227605
E10H1b	E10P5a	0.970272500669415
E10H1b	E10P6a	0.989450380693013
E10H1b	E10P7a	0.963504323680867
E10H1b	E10P8b	0.983132837590856
E10H1b	E10P9b	0.974054165081486
E10H1b	E10X1	0.984271074765314
E10H1b	E10X2	0.98126043552319
E10H1b	E10X4	0.984433554299343
E10H1b	E10X5	0.984612943208322
E10H1b	E10X7	0.990606953982848
E10H1b	E10X8	0.94783266636704
E10H1b	E10X9	0.969761816391319
E10H1c	E10L1	0.975952497096903
E10H1c	E10L10	0.865678915594818
E10H1c	E10L2	0.974424465193039
E10H1c	E10L3	0.985696774426913
E10H1c	E10L5	0.953685598504215
E10H1c	E10L6	0.985618746015866
E10H1c	E10L8	0.859457517859208
E10H1c	E10N1	NA
E10H1c	E10OL1	0.956343199698748
E10H1c	E10P10b	0.988614992864108
E10H1c	E10P11b	0.986630583821821
E10H1c	E10P13b	0.985960635348838
E10H1c	E10P14b	0.971886040476534
E10H1c	E10P1a	0.987883170857378
E10H1c	E10P3a	0.937813043639779
E10H1c	E10P4a	0.884291463590095
E10H1c	E10P5a	0.975125821619831
E10H1c	E10P6a	0.974060139621929
E10H1c	E10P7a	0.973557633563329
E10H1c	E10P8b	0.985515554483004
E10H1c	E10P9b	0.978598409351957
E10H1c	E10X1	0.984256001249995
E10H1c	E10X2	0.986832023210891
E10H1c	E10X4	0.982399088742506
E10H1c	E10X5	0.989341164830139
E10H1c	E10X7	0.982251874708321
E10H1c	E10X8	0.8969105980608
E10H1c	E10X9	0.968644364945957
E10L1	E10L10	0.917808226297965
E10L1	E10L2	0.943611104298348
E10L1	E10L3	0.986062454173842
E10L1	E10L5	0.958954546982496
E10L1	E10L6	0.957155885966202
E10L1	E10L8	0.899567517869274
E10L1	E10N1	NA
E10L1	E10OL1	0.941794160583786
E10L1	E10P10b	0.983089184999157
E10L1	E10P11b	0.979569902684781
E10L1	E10P13b	0.978562390060135
E10L1	E10P14b	0.970918854012205
E10L1	E10P1a	0.98420539883052
E10L1	E10P3a	0.95352051100698
E10L1	E10P4a	0.826002553006809
E10L1	E10P5a	0.962291495685341
E10L1	E10P6a	0.978060706430863
E10L1	E10P7a	0.968588779707362
E10L1	E10P8b	0.983351116325309
E10L1	E10P9b	0.973095552978383
E10L1	E10X1	0.983616009629688
E10L1	E10X2	0.981579583236033
E10L1	E10X4	0.987904287670046
E10L1	E10X5	0.989968148330199
E10L1	E10X7	0.995012921009082
E10L1	E10X8	0.933626105053541
E10L1	E10X9	0.957288135152138
E10L10	E10L2	0.844986197098821
E10L10	E10L3	0.883244614728536
E10L10	E10L5	0.912158989003523
E10L10	E10L6	0.868379119213283
E10L10	E10L8	0.951164287760367
E10L10	E10N1	NA
E10L10	E10OL1	0.915390903572148
E10L10	E10P10b	0.88349310421174
E10L10	E10P11b	0.875671694803136
E10L10	E10P13b	0.867824252998781
E10L10	E10P14b	0.851411943177661
E10L10	E10P1a	0.89564332901977
E10L10	E10P3a	0.82260042802958
E10L10	E10P4a	0.764368020761753
E10L10	E10P5a	0.866035133097176
E10L10	E10P6a	0.927998882824909
E10L10	E10P7a	0.861509184748903
E10L10	E10P8b	0.883418291831097
E10L10	E10P9b	0.881024483111319
E10L10	E10X1	0.888614174528824
E10L10	E10X2	0.877228232292855
E10L10	E10X4	0.898502426344388
E10L10	E10X5	0.884981005096684
E10L10	E10X7	0.913798055531263
E10L10	E10X8	0.973995081391107
E10L10	E10X9	0.892099795100812
E10L2	E10L3	0.961461149805093
E10L2	E10L5	0.947141628097877
E10L2	E10L6	0.979641737869055
E10L2	E10L8	0.862035325340402
E10L2	E10N1	NA
E10L2	E10OL1	0.934573539417626
E10L2	E10P10b	0.975728086774958
E10L2	E10P11b	0.981094863620844
E10L2	E10P13b	0.982796004364638
E10L2	E10P14b	0.976822198529168
E10L2	E10P1a	0.974220599498262
E10L2	E10P3a	0.918529049178434
E10L2	E10P4a	0.916200511738469
E10L2	E10P5a	0.977351314875113
E10L2	E10P6a	0.963785759412345
E10L2	E10P7a	0.961850334133431
E10L2	E10P8b	0.970831974600327
E10L2	E10P9b	0.961424863185791
E10L2	E10X1	0.974064115128168
E10L2	E10X2	0.978257920313369
E10L2	E10X4	0.953339273971479
E10L2	E10X5	0.964904244042892
E10L2	E10X7	0.952106862686385
E10L2	E10X8	0.869611472052463
E10L2	E10X9	0.967851302808355
E10L3	E10L5	0.975425691355926
E10L3	E10L6	0.978115548859926
E10L3	E10L8	0.869920412217074
E10L3	E10N1	NA
E10L3	E10OL1	0.960689153854538
E10L3	E10P10b	0.987641116182128
E10L3	E10P11b	0.990357103978552
E10L3	E10P13b	0.988741848764952
E10L3	E10P14b	0.97054359494334
E10L3	E10P1a	0.991358367225455
E10L3	E10P3a	0.956045602648506
E10L3	E10P4a	0.842691706366291
E10L3	E10P5a	0.984897697993991
E10L3	E10P6a	0.974514306950192
E10L3	E10P7a	0.970665900610687
E10L3	E10P8b	0.989115497279959
E10L3	E10P9b	0.977107550471254
E10L3	E10X1	0.990734204374756
E10L3	E10X2	0.990268012321918
E10L3	E10X4	0.997247654604662
E10L3	E10X5	0.997206640055601
E10L3	E10X7	0.992541217581965
E10L3	E10X8	0.907121606715176
E10L3	E10X9	0.978059177524034
E10L5	E10L6	0.968109626480883
E10L5	E10L8	0.915829720642633
E10L5	E10N1	NA
E10L5	E10OL1	0.954759506339936
E10L5	E10P10b	0.953332152199827
E10L5	E10P11b	0.962419347013687
E10L5	E10P13b	0.956329041057538
E10L5	E10P14b	0.941352094690011
E10L5	E10P1a	0.968798408992879
E10L5	E10P3a	0.901524582855338
E10L5	E10P4a	0.813875619175577
E10L5	E10P5a	0.979381494444907
E10L5	E10P6a	0.968885143350204
E10L5	E10P7a	0.933076389073918
E10L5	E10P8b	0.95407503576381
E10L5	E10P9b	0.936814839327018
E10L5	E10X1	0.961830639328475
E10L5	E10X2	0.959954531609398
E10L5	E10X4	0.980205278599022
E10L5	E10X5	0.972083089309221
E10L5	E10X7	0.972214408709662
E10L5	E10X8	0.916616218800262
E10L5	E10X9	0.976298686919029
E10L6	E10L8	0.869643845025107
E10L6	E10N1	NA
E10L6	E10OL1	0.957928653930385
E10L6	E10P10b	0.9770326301378
E10L6	E10P11b	0.98404100764908
E10L6	E10P13b	0.981115263200159
E10L6	E10P14b	0.959638665525364
E10L6	E10P1a	0.981925220420227
E10L6	E10P3a	0.912344897823241
E10L6	E10P4a	0.870392340195969
E10L6	E10P5a	0.987880405686154
E10L6	E10P6a	0.972737351626246
E10L6	E10P7a	0.959947964941841
E10L6	E10P8b	0.976759667186513
E10L6	E10P9b	0.962020241469818
E10L6	E10X1	0.979496191795032
E10L6	E10X2	0.982206185292996
E10L6	E10X4	0.974908988186783
E10L6	E10X5	0.97721739212336
E10L6	E10X7	0.969741164428095
E10L6	E10X8	0.894891928274522
E10L6	E10X9	0.977995541424869
E10L8	E10N1	NA
E10L8	E10OL1	0.868746198664207
E10L8	E10P10b	0.862546793924593
E10L8	E10P11b	0.863112512082024
E10L8	E10P13b	0.865230476408634
E10L8	E10P14b	0.862083108963367
E10L8	E10P1a	0.879569048923781
E10L8	E10P3a	0.765502642938204
E10L8	E10P4a	0.76750181190213
E10L8	E10P5a	0.878228848724797
E10L8	E10P6a	0.935495464296915
E10L8	E10P7a	0.852930517924749
E10L8	E10P8b	0.858223339001455
E10L8	E10P9b	0.839661014159848
E10L8	E10X1	0.871798291710217
E10L8	E10X2	0.863454818058933
E10L8	E10X4	0.877904704818115
E10L8	E10X5	0.869438440563743
E10L8	E10X7	0.895158719123357
E10L8	E10X8	0.952868613162004
E10L8	E10X9	0.867701255726471
E10N1	E10OL1	NA
E10N1	E10P10b	NA
E10N1	E10P11b	NA
E10N1	E10P13b	NA
E10N1	E10P14b	NA
E10N1	E10P1a	NA
E10N1	E10P3a	NA
E10N1	E10P4a	NA
E10N1	E10P5a	NA
E10N1	E10P6a	NA
E10N1	E10P7a	NA
E10N1	E10P8b	NA
E10N1	E10P9b	NA
E10N1	E10X1	NA
E10N1	E10X2	NA
E10N1	E10X4	NA
E10N1	E10X5	NA
E10N1	E10X7	NA
E10N1	E10X8	NA
E10N1	E10X9	NA
E10OL1	E10P10b	0.956010925783652
E10OL1	E10P11b	0.950172362729338
E10OL1	E10P13b	0.943665267930104
E10OL1	E10P14b	0.90542865626005
E10OL1	E10P1a	0.96678084800485
E10OL1	E10P3a	0.904015133658316
E10OL1	E10P4a	0.881085771977876
E10OL1	E10P5a	0.947329310161523
E10OL1	E10P6a	0.958696697861665
E10OL1	E10P7a	0.930239199532914
E10OL1	E10P8b	0.956599943281768
E10OL1	E10P9b	0.960457818521799
E10OL1	E10X1	0.958153983100046
E10OL1	E10X2	0.952209354868754
E10OL1	E10X4	0.965093860516887
E10OL1	E10X5	0.956391171958786
E10OL1	E10X7	0.959650440409068
E10OL1	E10X8	0.935708920342606
E10OL1	E10X9	0.971814105318627
E10P10b	E10P11b	0.996085821114967
E10P10b	E10P13b	0.995030874268319
E10P10b	E10P14b	0.980455039262752
E10P10b	E10P1a	0.995400990540861
E10P10b	E10P3a	0.962898459013103
E10P10b	E10P4a	0.88672110998414
E10P10b	E10P5a	0.976629603764114
E10P10b	E10P6a	0.97692138511276
E10P10b	E10P7a	0.977835059556932
E10P10b	E10P8b	0.998883440289385
E10P10b	E10P9b	0.994634416231377
E10P10b	E10X1	0.997223401941731
E10P10b	E10X2	0.997757355423582
E10P10b	E10X4	0.984568545700341
E10P10b	E10X5	0.991117649527749
E10P10b	E10X7	0.988309666921658
E10P10b	E10X8	0.906483926858583
E10P10b	E10X9	0.971838677693726
E10P11b	E10P13b	0.99829863855043
E10P11b	E10P14b	0.983626585086459
E10P11b	E10P1a	0.993803157160125
E10P11b	E10P3a	0.960161737475211
E10P11b	E10P4a	0.876194161202607
E10P11b	E10P5a	0.987476094727436
E10P11b	E10P6a	0.97637799127541
E10P11b	E10P7a	0.975048079524657
E10P11b	E10P8b	0.996264511379818
E10P11b	E10P9b	0.986326563082902
E10P11b	E10X1	0.997048972745945
E10P11b	E10X2	0.997743287156256
E10P11b	E10X4	0.985773240464449
E10P11b	E10X5	0.991221208536715
E10P11b	E10X7	0.985863811242889
E10P11b	E10X8	0.895836153917933
E10P11b	E10X9	0.978638596713855
E10P13b	E10P14b	0.986972415536931
E10P13b	E10P1a	0.991568068291542
E10P13b	E10P3a	0.95554628713161
E10P13b	E10P4a	0.880691956016518
E10P13b	E10P5a	0.985345489237829
E10P13b	E10P6a	0.976901620471739
E10P13b	E10P7a	0.978507091912851
E10P13b	E10P8b	0.994613267693808
E10P13b	E10P9b	0.984127669060839
E10P13b	E10X1	0.995628868905943
E10P13b	E10X2	0.997032645911831
E10P13b	E10X4	0.98166162759912
E10P13b	E10X5	0.988717192633704
E10P13b	E10X7	0.982642278861363
E10P13b	E10X8	0.893287453167139
E10P13b	E10X9	0.971926799124174
E10P14b	E10P1a	0.975298809912888
E10P14b	E10P3a	0.956355666379337
E10P14b	E10P4a	0.86062412391828
E10P14b	E10P5a	0.973526128907402
E10P14b	E10P6a	0.966906187294682
E10P14b	E10P7a	0.970425242891089
E10P14b	E10P8b	0.977110860294146
E10P14b	E10P9b	0.964572272668359
E10P14b	E10X1	0.976081045584619
E10P14b	E10X2	0.982492846806671
E10P14b	E10X4	0.963238780039576
E10P14b	E10X5	0.976746954036752
E10P14b	E10X7	0.967274404850966
E10P14b	E10X8	0.863144220887512
E10P14b	E10X9	0.958575404917733
E10P1a	E10P3a	0.95424352301397
E10P1a	E10P4a	0.870111006114924
E10P1a	E10P5a	0.984111779439481
E10P1a	E10P6a	0.984731641439408
E10P1a	E10P7a	0.974902425876264
E10P1a	E10P8b	0.994931708319889
E10P1a	E10P9b	0.989999059420305
E10P1a	E10X1	0.995519890842135
E10P1a	E10X2	0.995651560229556
E10P1a	E10X4	0.991015911714258
E10P1a	E10X5	0.993925335426654
E10P1a	E10X7	0.992291358251595
E10P1a	E10X8	0.914503179959504
E10P1a	E10X9	0.980421669574464
E10P3a	E10P4a	0.820130491410738
E10P3a	E10P5a	0.93470515594607
E10P3a	E10P6a	0.919121982812752
E10P3a	E10P7a	0.936649019714936
E10P3a	E10P8b	0.966177610579485
E10P3a	E10P9b	0.964352053792156
E10P3a	E10X1	0.959160869934246
E10P3a	E10X2	0.959727734037444
E10P3a	E10X4	0.953345025394752
E10P3a	E10X5	0.961392043505072
E10P3a	E10X7	0.953691621670716
E10P3a	E10X8	0.832604862632287
E10P3a	E10X9	0.945487687660336
E10P4a	E10P5a	0.852162949949653
E10P4a	E10P6a	0.869619599885155
E10P4a	E10P7a	0.852345629656155
E10P4a	E10P8b	0.87749763039631
E10P4a	E10P9b	0.893015556783761
E10P4a	E10X1	0.877191816953076
E10P4a	E10X2	0.875236783129497
E10P4a	E10X4	0.833534261123388
E10P4a	E10X5	0.847736920559311
E10P4a	E10X7	0.843936917606368
E10P4a	E10X8	0.810292476999207
E10P4a	E10X9	0.86950457627212
E10P5a	E10P6a	0.976884578746929
E10P5a	E10P7a	0.961323338121318
E10P5a	E10P8b	0.977972776175554
E10P5a	E10P9b	0.960677348063561
E10P5a	E10X1	0.982120684938601
E10P5a	E10X2	0.984003045440124
E10P5a	E10X4	0.980162969338048
E10P5a	E10X5	0.981431878435894
E10P5a	E10X7	0.973941053059145
E10P5a	E10X8	0.884048315217546
E10P5a	E10X9	0.986038432251391
E10P6a	E10P7a	0.962322529479397
E10P6a	E10P8b	0.975195146004334
E10P6a	E10P9b	0.966719634164656
E10P6a	E10X1	0.977719428305346
E10P6a	E10X2	0.976277256941859
E10P6a	E10X4	0.975589794198324
E10P6a	E10X5	0.97564433892149
E10P6a	E10X7	0.983157149341837
E10P6a	E10X8	0.944384263294077
E10P6a	E10X9	0.970108114828548
E10P7a	E10P8b	0.974977631412773
E10P7a	E10P9b	0.969306962431401
E10P7a	E10X1	0.972610463847305
E10P7a	E10X2	0.975489682640824
E10P7a	E10X4	0.960593147047784
E10P7a	E10X5	0.970051879052961
E10P7a	E10X7	0.96408175707205
E10P7a	E10X8	0.884549696438553
E10P7a	E10X9	0.943460609619695
E10P8b	E10P9b	0.994647053287012
E10P8b	E10X1	0.998474148136502
E10P8b	E10X2	0.99797357815669
E10P8b	E10X4	0.986161439393351
E10P8b	E10X5	0.991211268399056
E10P8b	E10X7	0.989093807014507
E10P8b	E10X8	0.906725197390598
E10P8b	E10X9	0.973627672262695
E10P9b	E10X1	0.990516321890193
E10P9b	E10X2	0.989385699332356
E10P9b	E10X4	0.975842844428584
E10P9b	E10X5	0.981742390015663
E10P9b	E10X7	0.981064700058863
E10P9b	E10X8	0.8997483959703
E10P9b	E10X9	0.964896707305764
E10X1	E10X2	0.997651980646584
E10X1	E10X4	0.988036260874801
E10X1	E10X5	0.991524743025512
E10X1	E10X7	0.989862456236255
E10X1	E10X8	0.914550990499747
E10X1	E10X9	0.976049839787612
E10X2	E10X4	0.985832835217538
E10X2	E10X5	0.99202191403072
E10X2	E10X7	0.987492006854737
E10X2	E10X8	0.898596510860496
E10X2	E10X9	0.975403295630616
E10X4	E10X5	0.99722556299309
E10X4	E10X7	0.995875785316241
E10X4	E10X8	0.917928084988053
E10X4	E10X9	0.979199609092509
E10X5	E10X7	0.995477125235797
E10X5	E10X8	0.90523723471134
E10X5	E10X9	0.977036008554485
E10X7	E10X8	0.931860693361619
E10X7	E10X9	0.970716512811903
E10X8	E10X9	0.898145034542456
E11B1	E11B2a	0.946553294911045
E11B1	E11B2b	0.999637111887557
E11B1	E11B2c	0.964824727992749
E11B1	E11B3	0.993377195171658
E11B1	E11B4	0.995685824963376
E11B1	E11H1	0.984630520901592
E11B1	E11L1	0.938971597289938
E11B1	E11L2p	0.969667751798235
E11B1	E11L3	0.979849830623135
E11B1	E11L5	0.971708752332665
E11B1	E11L6	0.968074280140782
E11B1	E11L7	0.900483482707188
E11B1	E11N4	NA
E11B1	E11N6	-0.167091088981214
E11B1	E11P1	0.931932970861702
E11B1	E11P10	0.997623980644837
E11B1	E11P11	0.990651658017256
E11B1	E11P13	0.982384355422707
E11B1	E11P2	0.95926336063002
E11B1	E11P3	0.955007714758516
E11B1	E11P7	0.99803658530697
E11B1	E11P8	0.991991323472783
E11B1	E11P9	0.99824193425569
E11B1	E11X2	0.999224623072749
E11B1	E11X4	0.874867620239829
E11B2a	E11B2b	0.944281189985821
E11B2a	E11B2c	0.929693425941247
E11B2a	E11B3	0.93430931018586
E11B2a	E11B4	0.953626498893651
E11B2a	E11H1	0.946142625201145
E11B2a	E11L1	0.956134687949618
E11B2a	E11L2p	0.972932582790041
E11B2a	E11L3	0.959101527254438
E11B2a	E11L5	0.926175390049985
E11B2a	E11L6	0.927866838246695
E11B2a	E11L7	0.930047835310199
E11B2a	E11N4	NA
E11B2a	E11N6	-0.174822734660925
E11B2a	E11P1	0.977193369244442
E11B2a	E11P10	0.942109168234444
E11B2a	E11P11	0.937581858159671
E11B2a	E11P13	0.924386473570908
E11B2a	E11P2	0.96742924299436
E11B2a	E11P3	0.988867105931094
E11B2a	E11P7	0.934626485564497
E11B2a	E11P8	0.934287006137706
E11B2a	E11P9	0.936166086050452
E11B2a	E11X2	0.951676841325533
E11B2a	E11X4	0.959916648460219
E11B2b	E11B2c	0.969060048827064
E11B2b	E11B3	0.994560312546613
E11B2b	E11B4	0.993994813684202
E11B2b	E11H1	0.987602692154201
E11B2b	E11L1	0.931142571251019
E11B2b	E11L2p	0.96653497371167
E11B2b	E11L3	0.977092158558058
E11B2b	E11L5	0.974592201587796
E11B2b	E11L6	0.963805497678601
E11B2b	E11L7	0.895932671361518
E11B2b	E11N4	NA
E11B2b	E11N6	-0.166903098663334
E11B2b	E11P1	0.928030099124576
E11B2b	E11P10	0.998752037222608
E11B2b	E11P11	0.993091278182275
E11B2b	E11P13	0.985857373016459
E11B2b	E11P2	0.954979609632272
E11B2b	E11P3	0.952021354432485
E11B2b	E11P7	0.998481873531603
E11B2b	E11P8	0.990036227239683
E11B2b	E11P9	0.999208304052426
E11B2b	E11X2	0.999609350861499
E11B2b	E11X4	0.875526123691907
E11B2c	E11B3	0.981931173712649
E11B2c	E11B4	0.942876073243801
E11B2c	E11H1	0.988203537054968
E11B2c	E11L1	0.853573097459512
E11B2c	E11L2p	0.934202116040758
E11B2c	E11L3	0.944401530443326
E11B2c	E11L5	0.990905899894397
E11B2c	E11L6	0.881519146133216
E11B2c	E11L7	0.87035242927568
E11B2c	E11N4	NA
E11B2c	E11N6	-0.132992677043623
E11B2c	E11P1	0.90407726145555
E11B2c	E11P10	0.977536396755575
E11B2c	E11P11	0.987347145217223
E11B2c	E11P13	0.992538515506493
E11B2c	E11P2	0.913382089023954
E11B2c	E11P3	0.92130333810811
E11B2c	E11P7	0.958857029344998
E11B2c	E11P8	0.953029134111231
E11B2c	E11P9	0.973271146648706
E11B2c	E11X2	0.972754993268883
E11B2c	E11X4	0.894911873541295
E11B3	E11B4	0.980506921717105
E11B3	E11H1	0.992364868406149
E11B3	E11L1	0.905537964579071
E11B3	E11L2p	0.954173155944791
E11B3	E11L3	0.967382957403188
E11B3	E11L5	0.983216683782528
E11B3	E11L6	0.934098663953097
E11B3	E11L7	0.893317682274768
E11B3	E11N4	NA
E11B3	E11N6	-0.107120356682552
E11B3	E11P1	0.912908360210854
E11B3	E11P10	0.997938076616813
E11B3	E11P11	0.997945421766838
E11B3	E11P13	0.995591221386029
E11B3	E11P2	0.936154500501595
E11B3	E11P3	0.937833015575882
E11B3	E11P7	0.989713317907809
E11B3	E11P8	0.989381170915096
E11B3	E11P9	0.995629181480739
E11B3	E11X2	0.994844756056053
E11B3	E11X4	0.870973075436728
E11B4	E11H1	0.972274566138989
E11B4	E11L1	0.959255345394962
E11B4	E11L2p	0.974490378559459
E11B4	E11L3	0.978557436298591
E11B4	E11L5	0.951300758497517
E11B4	E11L6	0.98269027036997
E11B4	E11L7	0.906473577433198
E11B4	E11N4	NA
E11B4	E11N6	-0.183203427068561
E11B4	E11P1	0.937066157429232
E11B4	E11P10	0.988603417945915
E11B4	E11P11	0.977644633266183
E11B4	E11P13	0.964382315336097
E11B4	E11P2	0.964559837097122
E11B4	E11P3	0.961307197900224
E11B4	E11P7	0.994640490949882
E11B4	E11P8	0.984194172453634
E11B4	E11P9	0.990293512907508
E11B4	E11X2	0.993430639994248
E11B4	E11X4	0.874126043035166
E11H1	E11L1	0.890764392864868
E11H1	E11L2p	0.94871618553462
E11H1	E11L3	0.955339281720501
E11H1	E11L5	0.983714643287226
E11H1	E11L6	0.924046194421665
E11H1	E11L7	0.892085427319881
E11H1	E11N4	NA
E11H1	E11N6	-0.125745693731743
E11H1	E11P1	0.919161781804279
E11H1	E11P10	0.993170859562123
E11H1	E11P11	0.995689984049119
E11H1	E11P13	0.995138552782227
E11H1	E11P2	0.931875808624285
E11H1	E11P3	0.946168603968102
E11H1	E11P7	0.983329476524558
E11H1	E11P8	0.971328317908297
E11H1	E11P9	0.98791009347435
E11H1	E11X2	0.990046848769504
E11H1	E11X4	0.907658688063739
E11L1	E11L2p	0.973632902108897
E11L1	E11L3	0.965552044680247
E11L1	E11L5	0.862670996605063
E11L1	E11L6	0.967560990426016
E11L1	E11L7	0.932039747101934
E11L1	E11N4	NA
E11L1	E11N6	-0.227612302890338
E11L1	E11P1	0.961998467247739
E11L1	E11P10	0.917448850730689
E11L1	E11P11	0.897189636140064
E11L1	E11P13	0.871211601750203
E11L1	E11P2	0.975509752622052
E11L1	E11P3	0.968764172170042
E11L1	E11P7	0.928259694124464
E11L1	E11P8	0.935448983597533
E11L1	E11P9	0.919596525041771
E11L1	E11X2	0.93315772556467
E11L1	E11X4	0.874546756115284
E11L2p	E11L3	0.995239463089171
E11L2p	E11L5	0.924273856616336
E11L2p	E11L6	0.954777915421863
E11L2p	E11L7	0.958455572451213
E11L2p	E11N4	NA
E11L2p	E11N6	-0.260872510660573
E11L2p	E11P1	0.978531100942014
E11L2p	E11P10	0.9599939708596
E11L2p	E11P11	0.953732955930639
E11L2p	E11P13	0.937230205556178
E11L2p	E11P2	0.98551607277466
E11L2p	E11P3	0.981897459055442
E11L2p	E11P7	0.960087622079368
E11L2p	E11P8	0.955562205461738
E11L2p	E11P9	0.961308023051498
E11L2p	E11X2	0.969960111076075
E11L2p	E11X4	0.919489998821413
E11L3	E11L5	0.939919054529237
E11L3	E11L6	0.957439902125014
E11L3	E11L7	0.944968059823897
E11L3	E11N4	NA
E11L3	E11N6	-0.252503542216779
E11L3	E11P1	0.970342090268373
E11L3	E11P10	0.971300745241538
E11L3	E11P11	0.964466657977697
E11L3	E11P13	0.950507948837762
E11L3	E11P2	0.984998987458945
E11L3	E11P3	0.97409460492449
E11L3	E11P7	0.9706538334157
E11L3	E11P8	0.972012444612272
E11L3	E11P9	0.973497806684836
E11L3	E11X2	0.979040871216334
E11L3	E11X4	0.900952043226002
E11L5	E11L6	0.901901895816256
E11L5	E11L7	0.838190193684076
E11L5	E11N4	NA
E11L5	E11N6	-0.123514692346222
E11L5	E11P1	0.895954926504223
E11L5	E11P10	0.981176891763046
E11L5	E11P11	0.984301333957831
E11L5	E11P13	0.989326871302207
E11L5	E11P2	0.915870583613138
E11L5	E11P3	0.917543481083144
E11L5	E11P7	0.966393148238069
E11L5	E11P8	0.966860064356353
E11L5	E11P9	0.978264746780702
E11L5	E11X2	0.97696473858732
E11L5	E11X4	0.872084371593012
E11L6	E11L7	0.881516751680813
E11L6	E11N4	NA
E11L6	E11N6	-0.256084714637235
E11L6	E11P1	0.930666427851495
E11L6	E11P10	0.950943989397738
E11L6	E11P11	0.927196011244858
E11L6	E11P13	0.907709388434385
E11L6	E11P2	0.96623225815744
E11L6	E11P3	0.948481380677029
E11L6	E11P7	0.969428556044401
E11L6	E11P8	0.954789595821073
E11L6	E11P9	0.956041031539593
E11L6	E11X2	0.961877873401176
E11L6	E11X4	0.843349744501578
E11L7	E11N4	NA
E11L7	E11N6	-0.133645951602684
E11L7	E11P1	0.958732471080141
E11L7	E11P10	0.892496817649034
E11L7	E11P11	0.888008439979276
E11L7	E11P13	0.871091984466356
E11L7	E11P2	0.945780402088243
E11L7	E11P3	0.950758077118579
E11L7	E11P7	0.884543578443457
E11L7	E11P8	0.895980133019838
E11L7	E11P9	0.885017372721791
E11L7	E11X2	0.901359314637961
E11L7	E11X4	0.912093929968629
E11N4	E11N6	NA
E11N4	E11P1	NA
E11N4	E11P10	NA
E11N4	E11P11	NA
E11N4	E11P13	NA
E11N4	E11P2	NA
E11N4	E11P3	NA
E11N4	E11P7	NA
E11N4	E11P8	NA
E11N4	E11P9	NA
E11N4	E11X2	NA
E11N4	E11X4	NA
E11N6	E11P1	-0.251890519316738
E11N6	E11P10	-0.142608585098493
E11N6	E11P11	-0.131359156391697
E11N6	E11P13	-0.107648367802699
E11N6	E11P2	-0.256421102869809
E11N6	E11P3	-0.222313550529261
E11N6	E11P7	-0.187005306397012
E11N6	E11P8	-0.0874314926072301
E11N6	E11P9	-0.171739608341973
E11N6	E11X2	-0.169636203467136
E11N6	E11X4	-0.234584719123309
E11P1	E11P10	0.921907519722922
E11P1	E11P11	0.911283366887049
E11P1	E11P13	0.89557400342058
E11P1	E11P2	0.990649441633483
E11P1	E11P3	0.992519800038049
E11P1	E11P7	0.917785373928743
E11P1	E11P8	0.923778505820889
E11P1	E11P9	0.917411256909783
E11P1	E11X2	0.934864070062054
E11P1	E11X4	0.958320049733995
E11P10	E11P11	0.997098729397045
E11P10	E11P13	0.99250316133051
E11P10	E11P2	0.94621761557135
E11P10	E11P3	0.947585997531211
E11P10	E11P7	0.996132958445714
E11P10	E11P8	0.989132086853459
E11P10	E11P9	0.998751728595264
E11P10	E11X2	0.99888539506396
E11P10	E11X4	0.879339806122629
E11P11	E11P13	0.99797412058781
E11P11	E11P2	0.930940813722903
E11P11	E11P3	0.937586261705366
E11P11	E11P7	0.988547824970512
E11P11	E11P8	0.980191934531324
E11P11	E11P9	0.995023810565956
E11P11	E11X2	0.994026207697257
E11P11	E11X4	0.881115016098978
E11P13	E11P2	0.91488223903296
E11P13	E11P3	0.922163035664359
E11P13	E11P7	0.980097869808877
E11P13	E11P8	0.973356267165247
E11P13	E11P9	0.989227631706277
E11P13	E11X2	0.987020647241457
E11P13	E11X4	0.873130076017103
E11P2	E11P3	0.986832408024926
E11P2	E11P7	0.948456021923718
E11P2	E11P8	0.952894258975672
E11P2	E11P9	0.946102875439182
E11P2	E11X2	0.958341911316166
E11P2	E11X4	0.921203914119633
E11P3	E11P7	0.945358636467476
E11P3	E11P8	0.944991624503207
E11P3	E11P9	0.942096830933818
E11P3	E11X2	0.958032264816248
E11P3	E11X4	0.962689839349703
E11P7	E11P8	0.985142177382593
E11P7	E11P9	0.997613198005893
E11P7	E11X2	0.997257423815326
E11P7	E11X4	0.864493220530842
E11P8	E11P9	0.987582860462562
E11P8	E11X2	0.989223316695068
E11P8	E11X4	0.853766047252318
E11P9	E11X2	0.998558648668927
E11P9	E11X4	0.865751003910257
E11X2	E11X4	0.887668212263596
E15B1	E15B11a	0.740148522772987
E15B1	E15B11b	0.738890763514352
E15B1	E15B11c	0.667398089527981
E15B1	E15B12	0.67906300111129
E15B1	E15B2	0.762062540161223
E15B1	E15B3	0.792544503896321
E15B1	E15B4	0.792434562025417
E15B1	E15B5a	0.362317763779149
E15B1	E15B5b	0.597800446879824
E15B1	E15B6a	0.717254782030944
E15B1	E15B6b	0.690990312332118
E15B1	E15B6c	0.692067956422314
E15B1	E15B6d	0.850151012748769
E15B1	E15B7	0.63470991938049
E15B1	E15B8	0.764014908429351
E15B1	E15B9	0.922953962848593
E15B1	E15L1	0.860217660490827
E15B1	E15L2	0.788300657869662
E15B1	E15L3	0.488550416867795
E15B1	E15L4	0.719240995366991
E15B1	E15L5	0.749038387459805
E15B1	E15L6	0.610719714741815
E15B1	E15L7	0.765716581105802
E15B1	E15L8	0.653329675032665
E15B1	E15L9	0.731644563368628
E15B1	E15N1	NA
E15B1	E15N3	0.603573463932018
E15B1	E15P10b	0.7820621720224
E15B1	E15P11b	0.759092957956641
E15B1	E15P12b	0.660720611245952
E15B1	E15P13b	0.478381393256102
E15B1	E15P14b	0.601254792157827
E15B1	E15P15b	0.772180530110558
E15B1	E15P1a	0.787542595813035
E15B1	E15P3a	0.741564833976977
E15B1	E15P4a	0.83576647602257
E15B1	E15P5a	0.523089614128628
E15B1	E15P6a	0.505792863723482
E15B1	E15P7a	0.514880529456858
E15B1	E15P8b	0.763939946875261
E15B1	E15P9b	0.858509831658039
E15B1	E15X2	0.489235277873474
E15B1	E15X4	0.309714787211518
E15B1	E15X6	0.746771683358738
E15B1	E15X7	0.736244548027916
E15B1	E15X8	0.74425546679925
E15B11a	E15B11b	0.98308050260244
E15B11a	E15B11c	0.97649622656154
E15B11a	E15B12	0.911543826454056
E15B11a	E15B2	0.94285223403188
E15B11a	E15B3	0.85306390241339
E15B11a	E15B4	0.804416189706167
E15B11a	E15B5a	0.343818793803317
E15B11a	E15B5b	0.900573351685367
E15B11a	E15B6a	0.991762607112813
E15B11a	E15B6b	0.890073304394185
E15B11a	E15B6c	0.798613181185819
E15B11a	E15B6d	0.905841971171015
E15B11a	E15B7	0.876916443366834
E15B11a	E15B8	0.923524042952427
E15B11a	E15B9	0.851626512965871
E15B11a	E15L1	0.816235721363317
E15B11a	E15L2	0.53259224730425
E15B11a	E15L3	0.783743621553383
E15B11a	E15L4	0.923686913326632
E15B11a	E15L5	0.888136220384242
E15B11a	E15L6	0.321710109893367
E15B11a	E15L7	0.680638818254659
E15B11a	E15L8	0.896220782194036
E15B11a	E15L9	0.896567531695382
E15B11a	E15N1	NA
E15B11a	E15N3	0.381141529914749
E15B11a	E15P10b	0.927641504611654
E15B11a	E15P11b	0.898355843473645
E15B11a	E15P12b	0.935688380784924
E15B11a	E15P13b	0.320161174588306
E15B11a	E15P14b	0.839227683077356
E15B11a	E15P15b	0.848833943737183
E15B11a	E15P1a	0.898037898306403
E15B11a	E15P3a	0.918824816857364
E15B11a	E15P4a	0.84842318460591
E15B11a	E15P5a	0.881852102316124
E15B11a	E15P6a	0.872440126585504
E15B11a	E15P7a	0.838363993862365
E15B11a	E15P8b	0.916529581816647
E15B11a	E15P9b	0.73530189505424
E15B11a	E15X2	0.776306682469329
E15B11a	E15X4	0.625653022156979
E15B11a	E15X6	0.825720786878792
E15B11a	E15X7	0.971228831334218
E15B11a	E15X8	0.99248343147429
E15B11b	E15B11c	0.984825131891423
E15B11b	E15B12	0.87870499565943
E15B11b	E15B2	0.909670130839071
E15B11b	E15B3	0.798088944083253
E15B11b	E15B4	0.750118022136328
E15B11b	E15B5a	0.264905428038598
E15B11b	E15B5b	0.852203905529571
E15B11b	E15B6a	0.975978514489542
E15B11b	E15B6b	0.859300334688057
E15B11b	E15B6c	0.76017502924383
E15B11b	E15B6d	0.858227721068039
E15B11b	E15B7	0.845750889009016
E15B11b	E15B8	0.883977594018968
E15B11b	E15B9	0.814159079593377
E15B11b	E15L1	0.759038826861835
E15B11b	E15L2	0.488875459469199
E15B11b	E15L3	0.756801288631698
E15B11b	E15L4	0.875521800097023
E15B11b	E15L5	0.833217985603181
E15B11b	E15L6	0.320627032278542
E15B11b	E15L7	0.645250746762968
E15B11b	E15L8	0.874832260572287
E15B11b	E15L9	0.881354455870958
E15B11b	E15N1	NA
E15B11b	E15N3	0.336003245399472
E15B11b	E15P10b	0.890111918226725
E15B11b	E15P11b	0.847981560645659
E15B11b	E15P12b	0.887784672515593
E15B11b	E15P13b	0.23805908162317
E15B11b	E15P14b	0.804820187813191
E15B11b	E15P15b	0.828279642322489
E15B11b	E15P1a	0.84634228577504
E15B11b	E15P3a	0.8876975976908
E15B11b	E15P4a	0.810515469894483
E15B11b	E15P5a	0.847864832027606
E15B11b	E15P6a	0.830427644183749
E15B11b	E15P7a	0.806544802914951
E15B11b	E15P8b	0.862521927761388
E15B11b	E15P9b	0.681718566559408
E15B11b	E15X2	0.743914482812378
E15B11b	E15X4	0.619024305465144
E15B11b	E15X6	0.770695336866832
E15B11b	E15X7	0.963208346727141
E15B11b	E15X8	0.989545638168249
E15B11c	E15B12	0.884128877540458
E15B11c	E15B2	0.914414194804013
E15B11c	E15B3	0.78018475842414
E15B11c	E15B4	0.733586642967407
E15B11c	E15B5a	0.250929644386225
E15B11c	E15B5b	0.890119492948198
E15B11c	E15B6a	0.978452427659519
E15B11c	E15B6b	0.869955433826616
E15B11c	E15B6c	0.781005702859494
E15B11c	E15B6d	0.846118674298861
E15B11c	E15B7	0.870887638440113
E15B11c	E15B8	0.885750824490692
E15B11c	E15B9	0.78966409438501
E15B11c	E15L1	0.720577077195697
E15B11c	E15L2	0.399111169801701
E15B11c	E15L3	0.789650665638311
E15B11c	E15L4	0.885983300302463
E15B11c	E15L5	0.83189775089253
E15B11c	E15L6	0.248905788468892
E15B11c	E15L7	0.585345517354597
E15B11c	E15L8	0.890825825687386
E15B11c	E15L9	0.88930055474997
E15B11c	E15N1	NA
E15B11c	E15N3	0.275005146430858
E15B11c	E15P10b	0.884203469467059
E15B11c	E15P11b	0.849850257046064
E15B11c	E15P12b	0.910275813861137
E15B11c	E15P13b	0.193189104426111
E15B11c	E15P14b	0.847613746172811
E15B11c	E15P15b	0.819513964849138
E15B11c	E15P1a	0.843494774016094
E15B11c	E15P3a	0.893092158213962
E15B11c	E15P4a	0.794949625053826
E15B11c	E15P5a	0.875673297539419
E15B11c	E15P6a	0.877008935559757
E15B11c	E15P7a	0.841230799894638
E15B11c	E15P8b	0.864037737452198
E15B11c	E15P9b	0.633261132998608
E15B11c	E15X2	0.785475940009948
E15B11c	E15X4	0.659273549146599
E15B11c	E15X6	0.75960215134307
E15B11c	E15X7	0.959528148770735
E15B11c	E15X8	0.983758601839349
E15B12	E15B2	0.911610661223514
E15B12	E15B3	0.875318069910794
E15B12	E15B4	0.845893094238419
E15B12	E15B5a	0.532730864206662
E15B12	E15B5b	0.889032675387819
E15B12	E15B6a	0.905888409084137
E15B12	E15B6b	0.950729857859735
E15B12	E15B6c	0.854090974381022
E15B12	E15B6d	0.8656453948804
E15B12	E15B7	0.864876710813147
E15B12	E15B8	0.906692906997041
E15B12	E15B9	0.830082504949768
E15B12	E15L1	0.80314445303019
E15B12	E15L2	0.54212502544247
E15B12	E15L3	0.815847858300721
E15B12	E15L4	0.916994312510035
E15B12	E15L5	0.866653930936311
E15B12	E15L6	0.335456824666556
E15B12	E15L7	0.720112804669599
E15B12	E15L8	0.872528348229908
E15B12	E15L9	0.879761366338934
E15B12	E15N1	NA
E15B12	E15N3	0.435299729474814
E15B12	E15P10b	0.89187404434463
E15B12	E15P11b	0.888431911245313
E15B12	E15P12b	0.925407977035927
E15B12	E15P13b	0.399026341171533
E15B12	E15P14b	0.921411344999205
E15B12	E15P15b	0.824306549722442
E15B12	E15P1a	0.90865084886027
E15B12	E15P3a	0.931582118791592
E15B12	E15P4a	0.892463913892866
E15B12	E15P5a	0.914441998451641
E15B12	E15P6a	0.867332623205494
E15B12	E15P7a	0.864103778694765
E15B12	E15P8b	0.896011210345815
E15B12	E15P9b	0.680850912234208
E15B12	E15X2	0.871429372257421
E15B12	E15X4	0.708224070905727
E15B12	E15X6	0.926979434116694
E15B12	E15X7	0.892881263505195
E15B12	E15X8	0.901911041655513
E15B2	E15B3	0.910137083284853
E15B2	E15B4	0.836941237852452
E15B2	E15B5a	0.373758290666549
E15B2	E15B5b	0.892384867236227
E15B2	E15B6a	0.928348154015635
E15B2	E15B6b	0.917452769955533
E15B2	E15B6c	0.899600974670781
E15B2	E15B6d	0.934073773439325
E15B2	E15B7	0.87227336409284
E15B2	E15B8	0.939638613010924
E15B2	E15B9	0.896865846482433
E15B2	E15L1	0.841434601344645
E15B2	E15L2	0.525972402843399
E15B2	E15L3	0.77793572693742
E15B2	E15L4	0.953172118824306
E15B2	E15L5	0.908083780001517
E15B2	E15L6	0.293745398903311
E15B2	E15L7	0.667419852060713
E15B2	E15L8	0.86287550401836
E15B2	E15L9	0.889012547621663
E15B2	E15N1	NA
E15B2	E15N3	0.412378517305168
E15B2	E15P10b	0.934152793086124
E15B2	E15P11b	0.937796943027667
E15B2	E15P12b	0.94308658126624
E15B2	E15P13b	0.309386192401346
E15B2	E15P14b	0.899717049922097
E15B2	E15P15b	0.88664166108837
E15B2	E15P1a	0.951387181401444
E15B2	E15P3a	0.968316106209976
E15B2	E15P4a	0.89869517769431
E15B2	E15P5a	0.896116165303139
E15B2	E15P6a	0.87794784659762
E15B2	E15P7a	0.848127939635998
E15B2	E15P8b	0.931144539149429
E15B2	E15P9b	0.773856761429356
E15B2	E15X2	0.815189916159216
E15B2	E15X4	0.710880363018462
E15B2	E15X6	0.884572793681619
E15B2	E15X7	0.907043979132128
E15B2	E15X8	0.928285812814533
E15B3	E15B4	0.844329230917452
E15B3	E15B5a	0.42984673139265
E15B3	E15B5b	0.831959926044639
E15B3	E15B6a	0.833906749550506
E15B3	E15B6b	0.872987199513091
E15B3	E15B6c	0.88274015515078
E15B3	E15B6d	0.943107399697895
E15B3	E15B7	0.857066914342377
E15B3	E15B8	0.957670758377573
E15B3	E15B9	0.898488875580566
E15B3	E15L1	0.937070476905245
E15B3	E15L2	0.671139405266132
E15B3	E15L3	0.815271091439856
E15B3	E15L4	0.954799064230406
E15B3	E15L5	0.939134525839365
E15B3	E15L6	0.292674408946795
E15B3	E15L7	0.825216986379293
E15B3	E15L8	0.848470614920477
E15B3	E15L9	0.882047885653588
E15B3	E15N1	NA
E15B3	E15N3	0.435072961105394
E15B3	E15P10b	0.918079325351041
E15B3	E15P11b	0.950938592026001
E15B3	E15P12b	0.886040033789037
E15B3	E15P13b	0.590827177778912
E15B3	E15P14b	0.823981143495052
E15B3	E15P15b	0.833566287600217
E15B3	E15P1a	0.965669167193288
E15B3	E15P3a	0.939601577761812
E15B3	E15P4a	0.901533830388164
E15B3	E15P5a	0.812175675821204
E15B3	E15P6a	0.796827227702618
E15B3	E15P7a	0.731889765365172
E15B3	E15P8b	0.912496474357699
E15B3	E15P9b	0.859013633010339
E15B3	E15X2	0.762450085467463
E15B3	E15X4	0.64133730718867
E15B3	E15X6	0.907880846902231
E15B3	E15X7	0.831512046106275
E15B3	E15X8	0.835584694209482
E15B4	E15B5a	0.701090934061426
E15B4	E15B5b	0.795078406795607
E15B4	E15B6a	0.800569171078865
E15B4	E15B6b	0.836701954094117
E15B4	E15B6c	0.77557393831695
E15B4	E15B6d	0.866694313353285
E15B4	E15B7	0.775806355920577
E15B4	E15B8	0.830548810607846
E15B4	E15B9	0.867654286456737
E15B4	E15L1	0.819464555499085
E15B4	E15L2	0.700683526556994
E15B4	E15L3	0.661022422905991
E15B4	E15L4	0.83670167855839
E15B4	E15L5	0.85573130181318
E15B4	E15L6	0.564183892040436
E15B4	E15L7	0.770083166639519
E15B4	E15L8	0.758682298161102
E15B4	E15L9	0.769037152753513
E15B4	E15N1	NA
E15B4	E15N3	0.701750673367972
E15B4	E15P10b	0.844048405741876
E15B4	E15P11b	0.866308497416856
E15B4	E15P12b	0.837930804671153
E15B4	E15P13b	0.509065472862814
E15B4	E15P14b	0.731350895037079
E15B4	E15P15b	0.767459399311923
E15B4	E15P1a	0.882132237426659
E15B4	E15P3a	0.851732537607746
E15B4	E15P4a	0.917362707441613
E15B4	E15P5a	0.748037120899571
E15B4	E15P6a	0.726722157794476
E15B4	E15P7a	0.687318059617454
E15B4	E15P8b	0.848851156092436
E15B4	E15P9b	0.744051728835892
E15B4	E15X2	0.597114322240744
E15B4	E15X4	0.527529216267059
E15B4	E15X6	0.93578681550603
E15B4	E15X7	0.802317903412711
E15B4	E15X8	0.786763373661178
E15B5a	E15B5b	0.47444727588816
E15B5a	E15B6a	0.351367369940522
E15B5a	E15B6b	0.493398830340928
E15B5a	E15B6c	0.424139220217997
E15B5a	E15B6d	0.365009806118685
E15B5a	E15B7	0.343921578357648
E15B5a	E15B8	0.35971318440041
E15B5a	E15B9	0.423891666766156
E15B5a	E15L1	0.44270020368994
E15B5a	E15L2	0.64537948366276
E15B5a	E15L3	0.339714066291055
E15B5a	E15L4	0.374318368438558
E15B5a	E15L5	0.392632516621739
E15B5a	E15L6	0.632135611032968
E15B5a	E15L7	0.565303836802626
E15B5a	E15L8	0.327587099225255
E15B5a	E15L9	0.302485283940425
E15B5a	E15N1	NA
E15B5a	E15N3	0.77806119827713
E15B5a	E15P10b	0.332710237795352
E15B5a	E15P11b	0.423149061064019
E15B5a	E15P12b	0.401419351005116
E15B5a	E15P13b	0.343051801056245
E15B5a	E15P14b	0.371983143015174
E15B5a	E15P15b	0.362203536148355
E15B5a	E15P1a	0.449479875438675
E15B5a	E15P3a	0.413107335234239
E15B5a	E15P4a	0.57259491935977
E15B5a	E15P5a	0.401962309392704
E15B5a	E15P6a	0.341490738733065
E15B5a	E15P7a	0.311213117618992
E15B5a	E15P8b	0.386080679310026
E15B5a	E15P9b	0.296560848287244
E15B5a	E15X2	0.322920988010513
E15B5a	E15X4	0.297964365625745
E15B5a	E15X6	0.68830833424753
E15B5a	E15X7	0.300665574215542
E15B5a	E15X8	0.294105531418412
E15B5b	E15B6a	0.918176261393853
E15B5b	E15B6b	0.855245485258927
E15B5b	E15B6c	0.859782983474175
E15B5b	E15B6d	0.842832761245586
E15B5b	E15B7	0.897968190348498
E15B5b	E15B8	0.895359613879461
E15B5b	E15B9	0.795548330075693
E15B5b	E15L1	0.734885809438611
E15B5b	E15L2	0.498400577497539
E15B5b	E15L3	0.855775987503523
E15B5b	E15L4	0.898179198753129
E15B5b	E15L5	0.852326896528428
E15B5b	E15L6	0.219744532670709
E15B5b	E15L7	0.642590915351591
E15B5b	E15L8	0.901844170039079
E15B5b	E15L9	0.88219539819645
E15B5b	E15N1	NA
E15B5b	E15N3	0.396894355078842
E15B5b	E15P10b	0.861866288212053
E15B5b	E15P11b	0.871259157755845
E15B5b	E15P12b	0.931870726200623
E15B5b	E15P13b	0.340255601070949
E15B5b	E15P14b	0.869365133715022
E15B5b	E15P15b	0.827276896922659
E15B5b	E15P1a	0.884430686304699
E15B5b	E15P3a	0.888279796893609
E15B5b	E15P4a	0.794382143693637
E15B5b	E15P5a	0.89738830250358
E15B5b	E15P6a	0.885924793290038
E15B5b	E15P7a	0.81632365319218
E15B5b	E15P8b	0.855992908540784
E15B5b	E15P9b	0.615271611916636
E15B5b	E15X2	0.787088210669455
E15B5b	E15X4	0.670185170639799
E15B5b	E15X6	0.819106999559527
E15B5b	E15X7	0.867939228727096
E15B5b	E15X8	0.891938663751557
E15B6a	E15B6b	0.883101871865099
E15B6a	E15B6c	0.804920092544608
E15B6a	E15B6d	0.896987869970111
E15B6a	E15B7	0.891500795260324
E15B6a	E15B8	0.91327201600266
E15B6a	E15B9	0.838135568626806
E15B6a	E15L1	0.787085274646329
E15B6a	E15L2	0.51031323196726
E15B6a	E15L3	0.794352821880579
E15B6a	E15L4	0.914027996036037
E15B6a	E15L5	0.87324906390977
E15B6a	E15L6	0.303750278244739
E15B6a	E15L7	0.655629914961896
E15B6a	E15L8	0.910366835077684
E15B6a	E15L9	0.905399702700437
E15B6a	E15N1	NA
E15B6a	E15N3	0.384965509602652
E15B6a	E15P10b	0.914458265215815
E15B6a	E15P11b	0.892879821350523
E15B6a	E15P12b	0.93752395272959
E15B6a	E15P13b	0.292472921953934
E15B6a	E15P14b	0.836691525318724
E15B6a	E15P15b	0.847908479342923
E15B6a	E15P1a	0.88304218252689
E15B6a	E15P3a	0.908129372919087
E15B6a	E15P4a	0.829932868759532
E15B6a	E15P5a	0.881927927662566
E15B6a	E15P6a	0.876772615869132
E15B6a	E15P7a	0.846972774418797
E15B6a	E15P8b	0.904909065006623
E15B6a	E15P9b	0.705967018726429
E15B6a	E15X2	0.766150043175497
E15B6a	E15X4	0.628794492870894
E15B6a	E15X6	0.807375875559534
E15B6a	E15X7	0.969026439771685
E15B6a	E15X8	0.992181700927909
E15B6b	E15B6c	0.874025531519427
E15B6b	E15B6d	0.860061139265392
E15B6b	E15B7	0.882906717751599
E15B6b	E15B8	0.910534756955663
E15B6b	E15B9	0.816158461443212
E15B6b	E15L1	0.784501142270981
E15B6b	E15L2	0.53082214062236
E15B6b	E15L3	0.838627004193161
E15B6b	E15L4	0.912525950797578
E15B6b	E15L5	0.873814415651364
E15B6b	E15L6	0.410532086869977
E15B6b	E15L7	0.658017542170966
E15B6b	E15L8	0.881597231482988
E15B6b	E15L9	0.905236893460976
E15B6b	E15N1	NA
E15B6b	E15N3	0.462552389508309
E15B6b	E15P10b	0.904756537849885
E15B6b	E15P11b	0.897696200229841
E15B6b	E15P12b	0.926872096732965
E15B6b	E15P13b	0.322430319265275
E15B6b	E15P14b	0.903010889218505
E15B6b	E15P15b	0.810715396038517
E15B6b	E15P1a	0.893240471938717
E15B6b	E15P3a	0.94718689401768
E15B6b	E15P4a	0.930607927443927
E15B6b	E15P5a	0.856763636369305
E15B6b	E15P6a	0.85948302475219
E15B6b	E15P7a	0.877814967943468
E15B6b	E15P8b	0.900567750850148
E15B6b	E15P9b	0.674788517044396
E15B6b	E15X2	0.874690696452745
E15B6b	E15X4	0.722333362455404
E15B6b	E15X6	0.912917144491618
E15B6b	E15X7	0.871462340743444
E15B6b	E15X8	0.882601934692625
E15B6c	E15B6d	0.884629837556701
E15B6c	E15B7	0.868525043368462
E15B6c	E15B8	0.909650527670041
E15B6c	E15B9	0.853493926924353
E15B6c	E15L1	0.792927307059755
E15B6c	E15L2	0.570006273369984
E15B6c	E15L3	0.815719636630191
E15B6c	E15L4	0.901356711048704
E15B6c	E15L5	0.860663003108096
E15B6c	E15L6	0.266599238497527
E15B6c	E15L7	0.691842615354684
E15B6c	E15L8	0.850627142284342
E15B6c	E15L9	0.870759265940036
E15B6c	E15N1	NA
E15B6c	E15N3	0.426835193709342
E15B6c	E15P10b	0.85972749413016
E15B6c	E15P11b	0.904788261567626
E15B6c	E15P12b	0.882793527584747
E15B6c	E15P13b	0.367502063195608
E15B6c	E15P14b	0.861170671864139
E15B6c	E15P15b	0.827187024536355
E15B6c	E15P1a	0.91813607252574
E15B6c	E15P3a	0.92959519300721
E15B6c	E15P4a	0.832287328636028
E15B6c	E15P5a	0.819343408092728
E15B6c	E15P6a	0.862289766413843
E15B6c	E15P7a	0.797738710307436
E15B6c	E15P8b	0.871131612413188
E15B6c	E15P9b	0.655454835491767
E15B6c	E15X2	0.806774163850387
E15B6c	E15X4	0.762052343837838
E15B6c	E15X6	0.855476647955274
E15B6c	E15X7	0.756115301741243
E15B6c	E15X8	0.789794874684604
E15B6d	E15B7	0.879776442445309
E15B6d	E15B8	0.960596823825834
E15B6d	E15B9	0.959915572761031
E15B6d	E15L1	0.925854952155914
E15B6d	E15L2	0.643554972004181
E15B6d	E15L3	0.760906878913717
E15B6d	E15L4	0.957907955903527
E15B6d	E15L5	0.960832031525308
E15B6d	E15L6	0.32603119235663
E15B6d	E15L7	0.769356166568551
E15B6d	E15L8	0.871263341650953
E15B6d	E15L9	0.896147815326789
E15B6d	E15N1	NA
E15B6d	E15N3	0.450848743678378
E15B6d	E15P10b	0.963324502073466
E15B6d	E15P11b	0.970864268103824
E15B6d	E15P12b	0.922769676333301
E15B6d	E15P13b	0.52695812794091
E15B6d	E15P14b	0.8279548433196
E15B6d	E15P15b	0.874740662648804
E15B6d	E15P1a	0.971272516151912
E15B6d	E15P3a	0.937189462636298
E15B6d	E15P4a	0.890510341943696
E15B6d	E15P5a	0.80158194458067
E15B6d	E15P6a	0.828989485813705
E15B6d	E15P7a	0.761043036126262
E15B6d	E15P8b	0.961936435606405
E15B6d	E15P9b	0.872410283750656
E15B6d	E15X2	0.740087350603491
E15B6d	E15X4	0.585421022691754
E15B6d	E15X6	0.867038585992256
E15B6d	E15X7	0.888001585773511
E15B6d	E15X8	0.89706010856788
E15B7	E15B8	0.93685922372057
E15B7	E15B9	0.810462250724042
E15B7	E15L1	0.759893089891617
E15B7	E15L2	0.476328009341443
E15B7	E15L3	0.94513356725611
E15B7	E15L4	0.921119276836838
E15B7	E15L5	0.913837188277261
E15B7	E15L6	0.176858009374783
E15B7	E15L7	0.655688787454561
E15B7	E15L8	0.991455910449147
E15B7	E15L9	0.975074445009892
E15B7	E15N1	NA
E15B7	E15N3	0.292726089673231
E15B7	E15P10b	0.911017051573581
E15B7	E15P11b	0.901982709661998
E15B7	E15P12b	0.920522102255195
E15B7	E15P13b	0.393991070390384
E15B7	E15P14b	0.835634718821868
E15B7	E15P15b	0.822720231063401
E15B7	E15P1a	0.89758518668156
E15B7	E15P3a	0.900656902076609
E15B7	E15P4a	0.804095126195096
E15B7	E15P5a	0.828766800119721
E15B7	E15P6a	0.887467646860055
E15B7	E15P7a	0.807199803591463
E15B7	E15P8b	0.882235697713543
E15B7	E15P9b	0.663863645239597
E15B7	E15X2	0.781995562793969
E15B7	E15X4	0.663692027755978
E15B7	E15X6	0.795126475040331
E15B7	E15X7	0.8360291504201
E15B7	E15X8	0.879890612817979
E15B8	E15B9	0.902434878395781
E15B8	E15L1	0.897075896166991
E15B8	E15L2	0.598160888759049
E15B8	E15L3	0.882766759766404
E15B8	E15L4	0.979119418716696
E15B8	E15L5	0.973041906988769
E15B8	E15L6	0.249636730318283
E15B8	E15L7	0.7668473244447
E15B8	E15L8	0.934451255483295
E15B8	E15L9	0.94993851448264
E15B8	E15N1	NA
E15B8	E15N3	0.37422620313256
E15B8	E15P10b	0.965886007714426
E15B8	E15P11b	0.964270906816975
E15B8	E15P12b	0.951112897675656
E15B8	E15P13b	0.495446728820715
E15B8	E15P14b	0.862980119073627
E15B8	E15P15b	0.84241956578408
E15B8	E15P1a	0.975486282608189
E15B8	E15P3a	0.963282304680486
E15B8	E15P4a	0.886150874281353
E15B8	E15P5a	0.855685038902749
E15B8	E15P6a	0.897642962426463
E15B8	E15P7a	0.816321681447322
E15B8	E15P8b	0.948966917757103
E15B8	E15P9b	0.79078602262483
E15B8	E15X2	0.818605199717501
E15B8	E15X4	0.66186383992553
E15B8	E15X6	0.886919906019751
E15B8	E15X7	0.901484949296421
E15B8	E15X8	0.917549176917605
E15B9	E15L1	0.920878551780973
E15B9	E15L2	0.713295161007618
E15B9	E15L3	0.685446842109458
E15B9	E15L4	0.88623170710681
E15B9	E15L5	0.894788568049606
E15B9	E15L6	0.45267935945388
E15B9	E15L7	0.780134033711019
E15B9	E15L8	0.80747062897845
E15B9	E15L9	0.853395328449557
E15B9	E15N1	NA
E15B9	E15N3	0.548580251874013
E15B9	E15P10b	0.902637910010143
E15B9	E15P11b	0.899581647324772
E15B9	E15P12b	0.842762132890943
E15B9	E15P13b	0.503198327106329
E15B9	E15P14b	0.798924051424585
E15B9	E15P15b	0.884225261481234
E15B9	E15P1a	0.931016192062432
E15B9	E15P3a	0.880299470172161
E15B9	E15P4a	0.904117725504246
E15B9	E15P5a	0.710759574045925
E15B9	E15P6a	0.735958304601154
E15B9	E15P7a	0.685097169479945
E15B9	E15P8b	0.907641188766445
E15B9	E15P9b	0.869653817626938
E15B9	E15X2	0.674239956149506
E15B9	E15X4	0.484031910022747
E15B9	E15X6	0.852829327822266
E15B9	E15X7	0.833997897141813
E15B9	E15X8	0.845278552133152
E15L1	E15L2	0.784880730673646
E15L1	E15L3	0.674119229706551
E15L1	E15L4	0.885199125230127
E15L1	E15L5	0.889515345920357
E15L1	E15L6	0.383915669359806
E15L1	E15L7	0.883158846448056
E15L1	E15L8	0.764173574637498
E15L1	E15L9	0.804710464948219
E15L1	E15N1	NA
E15L1	E15N3	0.520613053201331
E15L1	E15P10b	0.871562075483006
E15L1	E15P11b	0.895501320797555
E15L1	E15P12b	0.797187379610336
E15L1	E15P13b	0.646900072668303
E15L1	E15P14b	0.70598773989812
E15L1	E15P15b	0.813392440628431
E15L1	E15P1a	0.913915383261267
E15L1	E15P3a	0.856308205013483
E15L1	E15P4a	0.855955303324795
E15L1	E15P5a	0.688159586997779
E15L1	E15P6a	0.704846498841018
E15L1	E15P7a	0.648712684126658
E15L1	E15P8b	0.860809184552207
E15L1	E15P9b	0.922665560911766
E15L1	E15X2	0.691996662843811
E15L1	E15X4	0.456335208858841
E15L1	E15X6	0.855814371914063
E15L1	E15X7	0.800624759295045
E15L1	E15X8	0.788139372336303
E15L2	E15L3	0.397983720292642
E15L2	E15L4	0.535201506055698
E15L2	E15L5	0.584647970028303
E15L2	E15L6	0.682462676493866
E15L2	E15L7	0.843653575872797
E15L2	E15L8	0.505301638939379
E15L2	E15L9	0.542991741524017
E15L2	E15N1	NA
E15L2	E15N3	0.748465859789551
E15L2	E15P10b	0.568671103761665
E15L2	E15P11b	0.5978040826063
E15L2	E15P12b	0.488719012222581
E15L2	E15P13b	0.63177988743986
E15L2	E15P14b	0.347352372901011
E15L2	E15P15b	0.549379913961063
E15L2	E15P1a	0.619880510941377
E15L2	E15P3a	0.564477631464267
E15L2	E15P4a	0.653018858307377
E15L2	E15P5a	0.395315050195223
E15L2	E15P6a	0.365662605191714
E15L2	E15P7a	0.371014060634142
E15L2	E15P8b	0.572387766964084
E15L2	E15P9b	0.678705900985516
E15L2	E15X2	0.383516875727172
E15L2	E15X4	0.228451953760033
E15L2	E15X6	0.686565173648068
E15L2	E15X7	0.476453963384954
E15L2	E15X8	0.49672301866678
E15L3	E15L4	0.863183545813165
E15L3	E15L5	0.848516109681819
E15L3	E15L6	0.0904491318708458
E15L3	E15L7	0.625943297822947
E15L3	E15L8	0.937606789706335
E15L3	E15L9	0.911844273925047
E15L3	E15N1	NA
E15L3	E15N3	0.19703340405625
E15L3	E15P10b	0.81048517370903
E15L3	E15P11b	0.823513308119668
E15L3	E15P12b	0.846249954954216
E15L3	E15P13b	0.366949895278428
E15L3	E15P14b	0.798134382918615
E15L3	E15P15b	0.712664381808673
E15L3	E15P1a	0.827257099479705
E15L3	E15P3a	0.840772403519296
E15L3	E15P4a	0.742929013605249
E15L3	E15P5a	0.783171430596693
E15L3	E15P6a	0.855225348740357
E15L3	E15P7a	0.722877640430829
E15L3	E15P8b	0.780475382993236
E15L3	E15P9b	0.52578996274374
E15L3	E15X2	0.778052157643096
E15L3	E15X4	0.69281515975922
E15L3	E15X6	0.743966998302766
E15L3	E15X7	0.742716881675546
E15L3	E15X8	0.786441822308988
E15L4	E15L5	0.96683405784092
E15L4	E15L6	0.227448096697659
E15L4	E15L7	0.739753363633399
E15L4	E15L8	0.910450198945132
E15L4	E15L9	0.917178167066125
E15L4	E15N1	NA
E15L4	E15N3	0.356109406363446
E15L4	E15P10b	0.961149399628149
E15L4	E15P11b	0.982015818461736
E15L4	E15P12b	0.967120261893681
E15L4	E15P13b	0.472892677176366
E15L4	E15P14b	0.892678196889967
E15L4	E15P15b	0.873990979102669
E15L4	E15P1a	0.978556723895923
E15L4	E15P3a	0.975331668524069
E15L4	E15P4a	0.892403394298435
E15L4	E15P5a	0.888868302252349
E15L4	E15P6a	0.915053492806385
E15L4	E15P7a	0.82938001411163
E15L4	E15P8b	0.953463336979281
E15L4	E15P9b	0.791429469003998
E15L4	E15X2	0.818973253221451
E15L4	E15X4	0.705076294003786
E15L4	E15X6	0.88639607611941
E15L4	E15X7	0.904661817702006
E15L4	E15X8	0.911737907100216
E15L5	E15L6	0.261976627323496
E15L5	E15L7	0.730962754805913
E15L5	E15L8	0.895051523798288
E15L5	E15L9	0.901442022550925
E15L5	E15N1	NA
E15L5	E15N3	0.421612335983523
E15L5	E15P10b	0.974372936716872
E15L5	E15P11b	0.974642340561382
E15L5	E15P12b	0.943167001950596
E15L5	E15P13b	0.500703263291147
E15L5	E15P14b	0.836604020951181
E15L5	E15P15b	0.84004882657012
E15L5	E15P1a	0.974608226146622
E15L5	E15P3a	0.925854427233033
E15L5	E15P4a	0.883162250221485
E15L5	E15P5a	0.792058173603275
E15L5	E15P6a	0.852823246450625
E15L5	E15P7a	0.752768865821997
E15L5	E15P8b	0.955855511410208
E15L5	E15P9b	0.825349638455714
E15L5	E15X2	0.753537306340306
E15L5	E15X4	0.5767206717611
E15L5	E15X6	0.875244727802502
E15L5	E15X7	0.869902265529101
E15L5	E15X8	0.875871039416448
E15L6	E15L7	0.437793993786912
E15L6	E15L8	0.202676415762731
E15L6	E15L9	0.251135984277589
E15L6	E15N1	NA
E15L6	E15N3	0.760835483667837
E15L6	E15P10b	0.298161394958881
E15L6	E15P11b	0.293017350022797
E15L6	E15P12b	0.26002148834404
E15L6	E15P13b	0.191729506186451
E15L6	E15P14b	0.204535872091235
E15L6	E15P15b	0.318926054698073
E15L6	E15P1a	0.28432401977443
E15L6	E15P3a	0.31062672347217
E15L6	E15P4a	0.576121651352487
E15L6	E15P5a	0.140198662605675
E15L6	E15P6a	0.130386364687571
E15L6	E15P7a	0.235478238422624
E15L6	E15P8b	0.342995833417271
E15L6	E15P9b	0.329773414133092
E15L6	E15X2	0.110106347036825
E15L6	E15X4	0.0755398380061593
E15L6	E15X6	0.473005645767177
E15L6	E15X7	0.295676446170399
E15L6	E15X8	0.303963168194378
E15L7	E15L8	0.676033363296758
E15L7	E15L9	0.684814083606144
E15L7	E15N1	NA
E15L7	E15N3	0.506985270507171
E15L7	E15P10b	0.684158299862255
E15L7	E15P11b	0.741072829414783
E15L7	E15P12b	0.62993747030827
E15L7	E15P13b	0.780062343795929
E15L7	E15P14b	0.516994293023226
E15L7	E15P15b	0.628843382961176
E15L7	E15P1a	0.782192193809239
E15L7	E15P3a	0.74388401203229
E15L7	E15P4a	0.736322143403827
E15L7	E15P5a	0.635652973074009
E15L7	E15P6a	0.614741773227299
E15L7	E15P7a	0.493031349314796
E15L7	E15P8b	0.664684723259444
E15L7	E15P9b	0.705536338617462
E15L7	E15X2	0.545498310586214
E15L7	E15X4	0.485047497611042
E15L7	E15X6	0.805553704884088
E15L7	E15X7	0.654864413453512
E15L7	E15X8	0.652309804802226
E15L8	E15L9	0.9839708371951
E15L8	E15N1	NA
E15L8	E15N3	0.292603571463885
E15L8	E15P10b	0.907339890070159
E15L8	E15P11b	0.883965218897594
E15L8	E15P12b	0.913322156161599
E15L8	E15P13b	0.402725418028124
E15L8	E15P14b	0.821399398400911
E15L8	E15P15b	0.82394283966087
E15L8	E15P1a	0.882810311888728
E15L8	E15P3a	0.892233043901301
E15L8	E15P4a	0.797451674141756
E15L8	E15P5a	0.83005223211343
E15L8	E15P6a	0.878436500316208
E15L8	E15P7a	0.811501570236314
E15L8	E15P8b	0.87400639590884
E15L8	E15P9b	0.659474083761553
E15L8	E15X2	0.781818195003119
E15L8	E15X4	0.64290881917966
E15L8	E15X6	0.780746175301591
E15L8	E15X7	0.857308256617108
E15L8	E15X8	0.902519050747333
E15L9	E15N1	NA
E15L9	E15N3	0.325754906690675
E15L9	E15P10b	0.927454913564576
E15L9	E15P11b	0.896702681927037
E15L9	E15P12b	0.910857864470224
E15L9	E15P13b	0.403740509680994
E15L9	E15P14b	0.844832410770339
E15L9	E15P15b	0.849749606974237
E15L9	E15P1a	0.897519376797369
E15L9	E15P3a	0.912892794949731
E15L9	E15P4a	0.839112413154187
E15L9	E15P5a	0.812472310310088
E15L9	E15P6a	0.844994229227794
E15L9	E15P7a	0.826168823890992
E15L9	E15P8b	0.887595927807939
E15L9	E15P9b	0.724039547947543
E15L9	E15X2	0.805096813659498
E15L9	E15X4	0.627414490879963
E15L9	E15X6	0.801356899135227
E15L9	E15X7	0.869904629337344
E15L9	E15X8	0.908936331848902
E15N1	E15N3	NA
E15N1	E15P10b	NA
E15N1	E15P11b	NA
E15N1	E15P12b	NA
E15N1	E15P13b	NA
E15N1	E15P14b	NA
E15N1	E15P15b	NA
E15N1	E15P1a	NA
E15N1	E15P3a	NA
E15N1	E15P4a	NA
E15N1	E15P5a	NA
E15N1	E15P6a	NA
E15N1	E15P7a	NA
E15N1	E15P8b	NA
E15N1	E15P9b	NA
E15N1	E15X2	NA
E15N1	E15X4	NA
E15N1	E15X6	NA
E15N1	E15X7	NA
E15N1	E15X8	NA
E15N3	E15P10b	0.432084534844919
E15N3	E15P11b	0.444720345591412
E15N3	E15P12b	0.402434559032005
E15N3	E15P13b	0.227193500493302
E15N3	E15P14b	0.283716281193889
E15N3	E15P15b	0.483189704215018
E15N3	E15P1a	0.457870085084524
E15N3	E15P3a	0.398378723865012
E15N3	E15P4a	0.597826995843109
E15N3	E15P5a	0.221333480890351
E15N3	E15P6a	0.216545083165648
E15N3	E15P7a	0.326241013391354
E15N3	E15P8b	0.425610903713268
E15N3	E15P9b	0.490123771739768
E15N3	E15X2	0.190842601853829
E15N3	E15X4	0.0461004697754599
E15N3	E15X6	0.592871638983834
E15N3	E15X7	0.39896231546699
E15N3	E15X8	0.358066542225749
E15P10b	E15P11b	0.965521545699003
E15P10b	E15P12b	0.963009785746292
E15P10b	E15P13b	0.431888451306931
E15P10b	E15P14b	0.865113194848585
E15P10b	E15P15b	0.888646925651738
E15P10b	E15P1a	0.958665163953554
E15P10b	E15P3a	0.9369582991104
E15P10b	E15P4a	0.886443857773755
E15P10b	E15P5a	0.810586549648266
E15P10b	E15P6a	0.839703962279937
E15P10b	E15P7a	0.822845857500099
E15P10b	E15P8b	0.966087556050367
E15P10b	E15P9b	0.837359241768125
E15P10b	E15X2	0.780886480656437
E15P10b	E15X4	0.568037879504161
E15P10b	E15X6	0.853921845855592
E15P10b	E15X7	0.920815665693029
E15P10b	E15X8	0.925156983966689
E15P11b	E15P12b	0.955627806827263
E15P11b	E15P13b	0.46746829062104
E15P11b	E15P14b	0.86613193475484
E15P11b	E15P15b	0.880347222059192
E15P11b	E15P1a	0.977894279414162
E15P11b	E15P3a	0.962761562046107
E15P11b	E15P4a	0.898100795821969
E15P11b	E15P5a	0.842479189098728
E15P11b	E15P6a	0.864814380182726
E15P11b	E15P7a	0.789064075053409
E15P11b	E15P8b	0.957609882669882
E15P11b	E15P9b	0.828240538235547
E15P11b	E15X2	0.792776770418238
E15P11b	E15X4	0.670561465650026
E15P11b	E15X6	0.892097097539847
E15P11b	E15X7	0.877783927773818
E15P11b	E15X8	0.885550773955976
E15P12b	E15P13b	0.361037909684101
E15P12b	E15P14b	0.905056047255464
E15P12b	E15P15b	0.852581743940611
E15P12b	E15P1a	0.940012696115438
E15P12b	E15P3a	0.953890021255845
E15P12b	E15P4a	0.869452166320081
E15P12b	E15P5a	0.901897401706822
E15P12b	E15P6a	0.925266876503086
E15P12b	E15P7a	0.895314936760497
E15P12b	E15P8b	0.956265424751468
E15P12b	E15P9b	0.711049707066245
E15P12b	E15X2	0.826463722417138
E15P12b	E15X4	0.689199024037829
E15P12b	E15X6	0.864057349098449
E15P12b	E15X7	0.918551415516578
E15P12b	E15X8	0.929526952436471
E15P13b	E15P14b	0.223363170359234
E15P13b	E15P15b	0.270379003608119
E15P13b	E15P1a	0.500047191349036
E15P13b	E15P3a	0.426589202344868
E15P13b	E15P4a	0.411811199107565
E15P13b	E15P5a	0.359372572347117
E15P13b	E15P6a	0.337292879775634
E15P13b	E15P7a	0.236135081690906
E15P13b	E15P8b	0.426006118328357
E15P13b	E15P9b	0.533550693545832
E15P13b	E15X2	0.277129902848972
E15P13b	E15X4	0.208213577261982
E15P13b	E15X6	0.499850095943444
E15P13b	E15X7	0.323823993994419
E15P13b	E15X8	0.292601419362712
E15P14b	E15P15b	0.851924962822876
E15P14b	E15P1a	0.877202132515744
E15P14b	E15P3a	0.892917035358838
E15P14b	E15P4a	0.847050323572275
E15P14b	E15P5a	0.855886155840923
E15P14b	E15P6a	0.829434662542313
E15P14b	E15P7a	0.810557162544132
E15P14b	E15P8b	0.883520016423152
E15P14b	E15P9b	0.648231201722903
E15P14b	E15X2	0.878317114953623
E15P14b	E15X4	0.70020792277911
E15P14b	E15X6	0.828732301108242
E15P14b	E15X7	0.818479468130214
E15P14b	E15X8	0.838243100872961
E15P15b	E15P1a	0.885646908702819
E15P15b	E15P3a	0.848059657315394
E15P15b	E15P4a	0.831317006295231
E15P15b	E15P5a	0.722071086303246
E15P15b	E15P6a	0.708995066917105
E15P15b	E15P7a	0.707558944952382
E15P15b	E15P8b	0.85212180801029
E15P15b	E15P9b	0.822398911356646
E15P15b	E15X2	0.685806555450519
E15P15b	E15X4	0.490919368631811
E15P15b	E15X6	0.763192683282472
E15P15b	E15X7	0.831699799318709
E15P15b	E15X8	0.847743315023924
E15P1a	E15P3a	0.958579086711338
E15P1a	E15P4a	0.912584628666673
E15P1a	E15P5a	0.846283547094238
E15P1a	E15P6a	0.865064992223869
E15P1a	E15P7a	0.767100662784495
E15P1a	E15P8b	0.949855635736454
E15P1a	E15P9b	0.830501169755902
E15P1a	E15X2	0.781104918671885
E15P1a	E15X4	0.645147032183779
E15P1a	E15X6	0.922677431424675
E15P1a	E15X7	0.874797662371559
E15P1a	E15X8	0.882204575889715
E15P3a	E15P4a	0.911446797886196
E15P3a	E15P5a	0.915316376395271
E15P3a	E15P6a	0.911413336476629
E15P3a	E15P7a	0.860755474238482
E15P3a	E15P8b	0.931970091781295
E15P3a	E15P9b	0.737543118343276
E15P3a	E15X2	0.85284891094612
E15P3a	E15X4	0.791871190722843
E15P3a	E15X6	0.914834107569629
E15P3a	E15X7	0.894021000663652
E15P3a	E15X8	0.909021425180089
E15P4a	E15P5a	0.758111799564668
E15P4a	E15P6a	0.763511212012571
E15P4a	E15P7a	0.736450561998148
E15P4a	E15P8b	0.900729201596269
E15P4a	E15P9b	0.779702445634237
E15P4a	E15X2	0.721231960648358
E15P4a	E15X4	0.591621707940357
E15P4a	E15X6	0.937173212091187
E15P4a	E15X7	0.836689730628678
E15P4a	E15X8	0.836495960256138
E15P5a	E15P6a	0.916929004393162
E15P5a	E15P7a	0.860687411807405
E15P5a	E15P8b	0.82416587955871
E15P5a	E15P9b	0.541381181641598
E15P5a	E15X2	0.837807732391545
E15P5a	E15X4	0.853717792709384
E15P5a	E15X6	0.833271767632723
E15P5a	E15X7	0.836953389840993
E15P5a	E15X8	0.866714535547664
E15P6a	E15P7a	0.867540573724806
E15P6a	E15P8b	0.86035890129529
E15P6a	E15P9b	0.510697432068639
E15P6a	E15X2	0.80853394841994
E15P6a	E15X4	0.799369995763401
E15P6a	E15X6	0.798633894291318
E15P6a	E15X7	0.834265362743485
E15P6a	E15X8	0.859636434607112
E15P7a	E15P8b	0.806629715701169
E15P7a	E15P9b	0.533472650680612
E15P7a	E15X2	0.823246209208059
E15P7a	E15X4	0.694113823450337
E15P7a	E15X6	0.745061223940547
E15P7a	E15X7	0.828992111503467
E15P7a	E15X8	0.837555441788879
E15P8b	E15P9b	0.804211213152855
E15P8b	E15X2	0.78095333033211
E15P8b	E15X4	0.615057971249116
E15P8b	E15X6	0.872000711050144
E15P8b	E15X7	0.88384315108175
E15P8b	E15X8	0.902246933242456
E15P9b	E15X2	0.560650035250154
E15P9b	E15X4	0.253330981535019
E15P9b	E15X6	0.725596792765492
E15P9b	E15X7	0.738048417118623
E15P9b	E15X8	0.717383959862202
E15X2	E15X4	0.748862754290416
E15X2	E15X6	0.766199041775633
E15X2	E15X7	0.739569394637225
E15X2	E15X8	0.760887671310426
E15X4	E15X6	0.671119455385268
E15X4	E15X7	0.556115115328794
E15X4	E15X8	0.611132722281798
E15X6	E15X7	0.800770272975964
E15X6	E15X8	0.799421510524307
E15X7	E15X8	0.981087376610753
